<?xml version="1.0"?>
<COLLADA xmlns="http://www.collada.org/2005/11/COLLADASchema" version="1.4.1">
	<asset>
		<contributor>
			<author>Assimp</author>
			<authoring_tool>Assimp Exporter</authoring_tool>
		</contributor>
		<created>2026-02-16T00:27:26</created>
		<modified>2026-02-16T00:27:26</modified>
		<unit name="meter" meter="0.010000" />
		<up_axis>Y_UP</up_axis>
	</asset>
	<library_effects>
		<effect id="table_holi-fx" name="table_holi">
			<profile_COMMON>
				<technique sid="standard">
					<phong>
						<emission>
							<color sid="emission">0.000000   0.000000   0.000000   1.000000</color>
						</emission>
						<ambient>
							<color sid="ambient">1.000000   1.000000   1.000000   1.000000</color>
						</ambient>
						<diffuse>
							<color sid="diffuse">0.800000   0.800000   0.800000   1.000000</color>
						</diffuse>
						<specular>
							<color sid="specular">0.500000   0.500000   0.500000   1.000000</color>
						</specular>
						<shininess>
							<float sid="shininess">1000.000000</float>
						</shininess>
						<transparency>
							<float sid="transparency">0.000000</float>
						</transparency>
						<index_of_refraction>
							<float sid="index_of_refraction">1.500000</float>
						</index_of_refraction>
					</phong>
				</technique>
			</profile_COMMON>
		</effect>
	</library_effects>
	<library_materials>
		<material id="table_holi" name="table_holi">
			<instance_effect url="#table_holi-fx"/>
		</material>
	</library_materials>
	<library_geometries>
		<geometry id="meshId0" name="meshId0_name" >
			<mesh>
				<source id="meshId0-positions" name="meshId0-positions">
					<float_array id="meshId0-positions-array" count="4803"> 
						0.744445 -0.293215 0.000000 0.744445 -0.293215 1.203110 0.709409 -0.293215 1.203110 0.704081 -0.293215 0.000000 0.744445 0.400322 1.203433 0.744445 0.265004 1.203423 0.744445 0.265004 0.000000 0.744445 0.400322 0.000000 -0.527013 -0.293216 1.010362 -0.555555 -0.293215 0.982758 -0.511192 -0.293215 0.982758 -0.366804 0.300034 1.450002 -0.369354 0.336542 1.441760 -0.425667 0.336041 1.427606 -0.424872 0.300034 1.441093 -0.372308 0.369561 1.420126 -0.426952 0.367228 1.410762 -0.375427 0.395754 1.386030 -0.428983 0.388953 1.381662 -0.424872 0.300034 1.441093 -0.425667 0.336041 1.427606 -0.474831 0.335374 1.409064 -0.477389 0.300034 1.417709 -0.426952 0.367228 1.410762 -0.470296 0.363385 1.397507 -0.471423 0.379946 1.375578 -0.380931 0.418705 1.295527 -0.434652 0.412373 1.293271 -0.431978 0.402188 1.340431 -0.378381 0.412373 1.343050 -0.483239 0.395754 1.290658 -0.478472 0.389270 1.338045 -0.521783 0.369561 1.287899 -0.510730 0.367113 1.336249 -0.496214 0.363385 1.374580 -0.555555 0.300034 1.283030 -0.545484 0.300034 1.334398 -0.530297 0.335835 1.335406 -0.546238 0.336542 1.285286 -0.519050 0.300034 1.380855 -0.509783 0.335374 1.378754 -0.519050 0.300034 1.380855 -0.509783 0.335374 1.378754 -0.496214 0.363385 1.374580 0.711368 -0.293215 1.255193 0.744445 -0.293215 1.284137 0.735179 -0.293215 1.335392 0.703504 -0.293215 1.307590 0.703504 -0.293215 1.307590 0.735179 -0.293215 1.335392 0.708288 -0.293215 1.381630 0.677877 -0.293215 1.354859 0.677877 -0.293215 1.354859 0.708288 -0.293215 1.381630 0.666406 -0.293215 1.418325 0.636998 -0.293215 1.392371 0.636998 -0.293215 1.392371 0.666406 -0.293215 1.418325 0.613630 -0.293215 1.441884 0.584867 -0.293215 1.416455 0.584867 -0.293215 1.416455 0.613630 -0.293215 1.441884 0.555128 -0.293215 1.450002 0.526587 -0.293215 1.424754 
						-0.424863 0.241410 1.441144 -0.366763 0.241410 1.450002 -0.365830 0.241407 1.437710 -0.421394 0.241402 1.429315 0.555676 0.265004 1.450002 0.488653 0.265004 1.450002 0.488653 0.265004 1.437675 0.554750 0.265001 1.437710 0.666290 0.265004 1.418013 0.613764 0.265004 1.441195 0.610322 0.264996 1.429359 0.659661 0.264996 1.407619 0.666294 0.241410 1.418026 0.707970 0.241410 1.381499 0.698434 0.241401 1.373687 0.659666 0.241401 1.407632 0.707956 0.265004 1.381493 0.666290 0.265004 1.418013 0.659661 0.264996 1.407619 0.698421 0.264995 1.373681 0.526587 -0.293215 1.424754 0.527152 -0.331295 1.424754 0.585258 -0.331295 1.416483 0.584867 -0.293215 1.416455 0.584867 -0.293215 1.416455 0.585258 -0.331295 1.416483 0.637234 -0.331295 1.392482 0.636998 -0.293215 1.392371 0.636998 -0.293215 1.392371 0.637234 -0.331295 1.392482 0.677992 -0.331295 1.355098 0.677877 -0.293215 1.354859 0.677877 -0.293215 1.354859 0.677992 -0.331295 1.355098 0.703542 -0.331295 1.307992 0.703504 -0.293215 1.307590 0.703504 -0.293215 1.307590 0.703542 -0.331295 1.307992 0.711383 -0.331295 1.255775 0.711368 -0.293215 1.255193 -0.338262 -0.331295 1.424754 -0.337697 -0.293215 1.424754 -0.396199 -0.293215 1.416557 -0.396590 -0.331295 1.416582 -0.396590 -0.331295 1.416582 -0.396199 -0.293215 1.416557 -0.448974 -0.293215 1.392769 -0.449208 -0.331295 1.392865 -0.449208 -0.331295 1.392865 -0.448974 -0.293215 1.392769 -0.490857 -0.293215 1.355719 -0.490966 -0.331295 1.355925 -0.490966 -0.331295 1.355925 -0.490857 -0.293215 1.355719 -0.517748 -0.293215 1.309033 -0.517776 -0.331295 1.309379 -0.517776 -0.331295 1.309379 -0.517748 -0.293215 1.309033 -0.527013 -0.293215 1.257282 -0.527014 -0.331295 1.257782 -0.337697 -0.293215 1.424754 -0.366239 -0.293215 1.450002 -0.424741 -0.293215 1.441805 -0.396199 -0.293215 1.416557 
						-0.396199 -0.293215 1.416557 -0.424741 -0.293215 1.441805 -0.477516 -0.293215 1.418018 -0.448974 -0.293215 1.392769 -0.448974 -0.293215 1.392769 -0.477516 -0.293215 1.418018 -0.519399 -0.293215 1.380967 -0.490857 -0.293215 1.355719 -0.490857 -0.293215 1.355719 -0.519399 -0.293215 1.380967 -0.546290 -0.293215 1.334282 -0.517748 -0.293215 1.309033 -0.517748 -0.293215 1.309033 -0.546290 -0.293215 1.334282 -0.555555 -0.293215 1.282530 -0.527013 -0.293215 1.257282 -0.315277 0.418705 1.295527 -0.315277 0.412663 1.343168 -0.315277 0.395913 1.386194 -0.372308 0.369561 1.420126 -0.315277 0.369686 1.420333 -0.369354 0.336542 1.441760 -0.315277 0.336633 1.442138 -0.366804 0.300034 1.450002 -0.315277 0.300034 1.450002 0.666290 0.265004 1.418013 0.707956 0.265004 1.381493 0.707946 0.400322 1.381489 0.666286 0.400322 1.418003 0.707956 0.265004 1.381493 0.734400 0.265004 1.335460 0.734375 0.400322 1.335462 0.707946 0.400322 1.381489 -0.380931 0.418705 1.211440 -0.380931 0.418705 0.982758 -0.434893 0.412897 0.982758 -0.434717 0.412514 1.209791 -0.483573 0.396041 0.982758 -0.483329 0.395831 1.207880 -0.522205 0.369787 0.982758 -0.521896 0.369622 1.205863 -0.547009 0.336705 0.982758 -0.546445 0.336586 1.203952 -0.555555 0.300034 0.982758 -0.555555 0.300034 1.202303 -0.366786 0.265004 1.450002 -0.424868 0.265004 1.441115 -0.424868 0.265004 1.441115 -0.477393 0.265004 1.417719 -0.519061 0.265004 1.380859 -0.519061 0.265004 1.380859 -0.545509 0.265004 1.334395 -0.555555 0.265004 1.283014 0.613764 0.265004 1.441195 0.613769 0.400322 1.441173 0.744445 0.400322 1.284575 0.744445 0.265004 1.284561 -0.555555 0.265004 1.202292 -0.555555 0.265004 0.982758 -0.555555 -0.293215 1.201937 -0.555555 -0.293215 0.982758 -0.527013 -0.293216 1.010362 -0.527013 -0.293216 1.190898 -0.315277 0.265004 1.450002 
						-0.366786 0.265004 1.450002 -0.315277 -0.293215 1.450002 -0.366239 -0.293215 1.450002 -0.337697 -0.293215 1.424754 -0.315277 -0.293215 1.424754 0.744445 -0.293215 1.203110 0.744445 -0.293215 1.284137 0.711368 -0.293215 1.255193 0.709409 -0.293215 1.203110 -0.527014 -0.331295 1.191264 -0.527013 -0.293216 1.190898 -0.527013 -0.293216 1.010362 -0.527013 -0.331295 1.010362 -0.315277 -0.331295 1.424754 -0.315277 -0.293215 1.424754 -0.337697 -0.293215 1.424754 -0.338262 -0.331295 1.424754 0.709420 -0.331295 1.203110 0.709409 -0.293215 1.203110 0.711368 -0.293215 1.255193 0.711383 -0.331295 1.255775 0.286742 -0.331295 1.424754 0.286742 -0.293215 1.424754 -0.255336 -0.293215 1.424754 -0.255336 -0.331295 1.424754 -0.315277 0.418705 0.982758 -0.315277 0.418705 1.211440 -0.285307 0.418705 1.211440 -0.282837 0.418705 0.976306 0.555676 0.265004 1.450002 0.555693 0.400322 1.450002 0.488667 0.400322 1.450002 0.488653 0.265004 1.450002 0.744445 0.265004 1.284561 0.744445 0.400322 1.284575 0.555128 -0.293215 1.450002 0.488228 -0.293215 1.450002 0.488228 -0.293215 1.424754 0.526587 -0.293215 1.424754 0.527152 -0.331295 1.424754 0.526587 -0.293215 1.424754 0.488228 -0.293215 1.424754 0.488228 -0.331295 1.424754 0.744445 -0.293215 0.000000 0.744445 0.241410 0.000000 0.744445 0.241410 1.203410 0.744445 -0.293215 1.203110 -0.527014 -0.331295 1.257782 -0.527013 -0.293215 1.257282 -0.555555 -0.293215 1.282530 -0.527013 -0.293215 1.257282 -0.555555 0.265004 1.283014 -0.555555 0.300034 1.283030 -0.555555 0.300034 1.202303 -0.555555 0.265004 1.202292 -0.546238 0.336542 1.285286 -0.546445 0.336586 1.203952 -0.521783 0.369561 1.287899 -0.521896 0.369622 1.205863 -0.483329 0.395831 1.207880 -0.434717 0.412514 1.209791 -0.380931 0.418705 1.211440 0.613769 0.400322 1.441173 0.614908 0.436122 1.427761 
						0.558243 0.436829 1.441760 0.663910 0.435661 1.409776 0.614908 0.436122 1.427761 0.698172 0.435661 1.379112 0.615860 0.467400 1.410462 0.561198 0.469848 1.420126 0.659190 0.463672 1.397757 0.615860 0.467400 1.410462 0.685106 0.463673 1.374998 0.735127 0.436830 1.286552 0.719129 0.436328 1.335964 0.710672 0.469848 1.288842 0.700087 0.467516 1.336887 0.672129 0.496041 1.291260 0.667191 0.489240 1.338466 0.698172 0.435661 1.379112 0.685106 0.463673 1.374998 0.660313 0.480233 1.375876 0.569821 0.518993 1.295527 0.567271 0.512661 1.343050 0.620582 0.502476 1.340896 0.623542 0.512661 1.293550 0.564316 0.496042 1.386030 0.617884 0.489558 1.381959 0.617884 0.489558 1.381959 0.569821 0.518993 1.211440 0.623542 0.512661 1.293550 0.623607 0.512802 1.209995 0.672129 0.496041 1.291260 0.672218 0.496119 1.208320 0.710672 0.469848 1.288842 0.710786 0.469909 1.206553 0.735127 0.436830 1.286552 0.735334 0.436874 1.204878 0.385777 0.518993 1.171518 0.569821 0.518993 0.000000 0.383861 0.518993 0.000000 0.711094 0.470075 0.000000 0.672462 0.496328 0.000000 0.735898 0.436993 0.000000 0.181713 0.418705 1.211440 0.181713 0.418705 1.051188 0.155102 0.418705 1.039643 0.156749 0.418705 1.211440 0.499624 0.518993 1.295527 0.497646 0.512778 1.343097 0.495355 0.496106 1.386096 0.492936 0.469899 1.420210 0.490644 0.436866 1.441913 0.259904 0.513138 1.343243 0.257435 0.518993 1.295527 0.240633 0.516076 1.295527 0.243060 0.510207 1.343253 0.225313 0.508107 1.295527 0.227669 0.502151 1.343260 0.215578 0.497221 1.295527 0.217855 0.491129 1.343262 0.264341 0.496302 1.386298 0.247425 0.493295 1.386312 0.231915 0.485054 1.386322 0.221965 0.473786 1.386325 0.274064 0.470053 1.420464 0.257056 0.466957 1.420482 0.241387 0.458476 1.420495 
						0.231257 0.446884 1.420500 0.287853 0.436976 1.442372 0.270758 0.433793 1.442407 0.254937 0.425078 1.442432 0.244631 0.413168 1.442442 0.307190 0.400322 1.450002 0.290058 0.397097 1.450002 0.274176 0.388286 1.450002 0.263801 0.376251 1.450002 0.256807 0.518993 1.211440 0.240019 0.516088 1.211440 0.224722 0.508153 1.211440 0.215013 0.497314 1.211440 0.495355 0.496106 1.386096 0.490644 0.436866 1.441913 0.488667 0.400322 1.450002 0.492936 0.469899 1.420210 0.167399 0.414899 1.343262 0.166689 0.421703 1.295527 0.156749 0.418705 1.295527 0.157485 0.412897 1.343262 0.172381 0.397623 1.386325 0.161798 0.396041 1.386325 0.182051 0.371514 1.420500 0.171369 0.369787 1.420500 0.195940 0.339704 1.442442 0.185274 0.338906 1.442442 0.215183 0.302068 1.450002 0.204321 0.300034 1.450002 0.287035 0.241410 1.450002 0.286742 -0.293215 1.450002 0.488228 -0.293215 1.450002 0.488635 0.241410 1.450002 0.181713 0.418705 1.211440 0.156749 0.418705 1.211440 0.169231 0.421703 1.211440 0.181713 0.429116 1.211440 0.290058 0.397097 1.450002 0.326593 0.265004 1.450002 0.348122 0.265004 1.450002 0.181713 0.418705 0.000000 0.155106 0.418705 0.000000 0.274176 0.388286 1.450002 0.263801 0.376251 1.450002 -0.255336 0.336705 1.442442 -0.255336 0.300034 1.450002 0.206607 0.344917 1.442442 0.226045 0.308518 1.450002 0.176630 0.429116 1.295527 0.177312 0.421316 1.343262 -0.255336 0.418705 1.295527 -0.255336 0.412897 1.343262 0.156749 0.418705 1.211440 -0.255336 0.418705 1.211440 0.192733 0.377655 1.420500 -0.255336 0.369787 1.420500 0.182964 0.403621 1.386325 -0.255336 0.396041 1.386325 0.623782 0.513184 0.000000 0.386182 0.418705 1.208401 0.333416 0.418705 1.140043 0.333416 0.418705 1.211440 0.382496 0.518993 1.186796 0.372845 0.518993 1.199747 
						0.341051 0.518993 1.211440 0.358291 0.518993 1.208401 0.341051 0.508153 1.211440 0.341051 0.518993 1.211440 0.358291 0.518993 1.208401 0.358291 0.508153 1.208401 0.372845 0.518993 1.199747 0.372845 0.508153 1.199747 0.382496 0.518993 1.186796 0.382496 0.508153 1.186796 0.385777 0.518993 1.171518 0.385777 0.508153 1.171518 0.386182 0.418705 0.000000 0.333416 0.418705 0.000000 0.256807 0.518993 1.211440 0.341051 0.518993 1.211440 0.341051 0.508153 1.211440 0.240019 0.516088 1.211440 0.499624 0.508153 0.000000 0.499624 0.508153 1.111088 0.385777 0.508153 1.171518 0.383861 0.508153 0.000000 0.215013 0.497314 1.211440 0.334252 0.428495 1.211440 0.358291 0.508153 1.208401 0.386182 0.508153 1.208401 0.386182 0.429897 1.208401 0.386182 0.429897 1.208401 0.499624 0.429897 1.111088 0.499624 0.418705 1.111088 0.386182 0.418705 1.208401 0.358291 0.508153 1.208401 0.372845 0.508153 1.199747 0.382496 0.508153 1.186796 0.386182 0.508153 1.208401 0.499624 0.418705 1.111088 0.499624 0.418705 0.000000 0.224722 0.508153 1.211440 0.169231 0.421703 1.211440 0.181713 0.429116 1.211440 0.495013 0.435972 1.115043 0.390794 0.435972 1.204445 0.405034 0.435972 1.221046 0.509254 0.435972 1.131645 0.386182 0.418705 1.208401 0.333416 0.418705 1.211440 -0.555555 0.265004 1.283014 -0.555555 0.265004 1.202292 -0.543228 0.265004 1.202292 -0.543286 0.265001 1.281827 0.286742 -0.293215 1.450002 0.286742 -0.293215 1.424754 0.488228 -0.293215 1.424754 0.488228 -0.293215 1.450002 0.488653 0.265004 1.450002 0.224590 0.265004 1.450002 0.234332 0.265004 1.450002 0.215183 0.302068 1.450002 0.734400 0.265004 1.335460 0.707956 0.265004 1.381493 0.698421 0.264995 1.373681 0.722855 0.264995 1.331139 -0.255336 0.418705 0.957930 -0.255336 0.418705 1.211440 
						-0.236961 0.418705 0.930429 0.555128 -0.293215 1.450002 0.555652 0.241410 1.450002 0.488635 0.241410 1.450002 0.488228 -0.293215 1.450002 0.744445 0.241410 1.284543 0.744445 -0.293215 1.284137 -0.255336 0.241410 1.450002 0.287035 0.241410 1.450002 0.285520 0.241410 1.437675 -0.255336 0.241410 1.437675 -0.555555 0.241410 1.202277 -0.555555 0.265004 1.202292 -0.555555 0.265004 0.982758 -0.555555 0.241410 0.982758 0.326593 0.265004 1.450002 0.245084 0.265004 1.450002 0.237952 0.265004 1.437675 0.337358 0.265004 1.437675 0.744445 0.265004 1.284561 0.734400 0.265004 1.335460 0.722855 0.264995 1.331139 0.732176 0.265001 1.283364 0.555652 0.241410 1.450002 0.613759 0.241410 1.441225 0.610318 0.241401 1.429388 0.554728 0.241407 1.437710 0.234332 0.265004 1.450002 0.224590 0.265004 1.450002 -0.366786 0.265004 1.450002 -0.424868 0.265004 1.441115 -0.421398 0.264996 1.429286 -0.365852 0.265001 1.437710 0.613764 0.265004 1.441195 -0.377440 0.388557 0.982758 -0.421013 0.383867 0.982758 -0.434893 0.412897 0.982758 -0.380931 0.418705 0.982758 -0.457172 0.371347 0.982758 -0.483573 0.396041 0.982758 -0.485867 0.351846 0.982758 -0.522205 0.369787 0.982758 -0.504291 0.327273 0.982758 -0.547009 0.336705 0.982758 -0.511192 0.297661 0.982758 -0.555555 0.300034 0.982758 -0.511192 0.241410 0.982758 -0.511192 -0.293215 0.982758 -0.555555 -0.293215 0.982758 -0.555555 0.241410 0.982758 -0.511192 0.265004 0.982758 -0.555555 0.265004 0.982758 -0.377440 -0.293215 0.982758 -0.377440 -0.293216 1.010362 -0.315277 0.388557 0.982758 -0.315277 0.418705 0.982758 -0.282837 0.418705 0.976306 -0.282837 0.388557 0.976306 -0.255336 0.418705 0.957930 -0.255336 0.388557 0.957930 -0.236961 0.418705 0.930429 -0.236961 0.388557 0.930429 -0.230508 0.418705 0.897990 -0.230508 0.388557 0.897990 
						-0.315277 0.418705 1.211440 -0.230508 0.388557 0.000000 -0.230508 0.388557 0.897990 -0.230508 0.418705 0.897990 -0.230508 0.418705 0.000000 -0.377440 -0.293215 0.982758 -0.230508 0.418705 0.000000 -0.230508 0.418705 0.897990 0.499624 0.418705 0.000000 0.499624 0.418705 1.111088 0.499624 0.429897 1.111088 0.499624 0.429897 0.000000 0.499624 0.508153 1.111088 0.499624 0.508153 0.000000 0.704081 -0.293215 0.000000 0.709409 -0.293215 1.203110 0.709420 -0.331295 1.203110 0.704081 -0.331295 0.000000 0.383861 0.508153 0.000000 0.385777 0.508153 1.171518 0.385777 0.518993 1.171518 0.383861 0.518993 0.000000 -0.366239 -0.293215 1.450002 -0.366763 0.241410 1.450002 -0.424863 0.241410 1.441144 -0.424741 -0.293215 1.441805 -0.477398 0.241410 1.417731 -0.477516 -0.293215 1.418018 -0.519076 0.241410 1.380863 -0.519399 -0.293215 1.380967 -0.545542 0.241410 1.334390 -0.546290 -0.293215 1.334282 -0.555555 0.241410 1.282994 -0.555555 -0.293215 1.282530 -0.555555 -0.293215 1.201937 -0.555555 -0.293215 0.982758 -0.315277 -0.293215 1.450002 -0.315277 0.241410 1.450002 0.613759 0.241410 1.441225 0.666294 0.241410 1.418026 0.659666 0.241401 1.407632 0.610318 0.241401 1.429388 0.666294 0.241410 1.418026 0.613759 0.241410 1.441225 0.613630 -0.293215 1.441884 0.666406 -0.293215 1.418325 -0.555555 0.265004 1.202292 -0.555555 0.241410 1.202277 -0.543228 0.241410 1.202277 -0.543228 0.265004 1.202292 -0.527013 -0.331295 1.010362 -0.527013 -0.293216 1.010362 -0.377440 -0.293216 1.010362 -0.377440 -0.331295 1.010362 0.707970 0.241410 1.381499 0.708288 -0.293215 1.381630 0.734433 0.241410 1.335457 0.735179 -0.293215 1.335392 0.348122 0.265004 1.450002 -0.424868 0.265004 1.441115 -0.477393 0.265004 1.417719 -0.470723 0.264996 1.407352 -0.421398 0.264996 1.429286 0.744445 0.241410 1.203410 
						0.744445 0.241410 0.000000 0.732118 0.241410 0.000000 0.732118 0.241410 1.203410 0.554750 0.265001 1.437710 0.554728 0.241407 1.437710 0.610318 0.241401 1.429388 0.610322 0.264996 1.429359 0.610322 0.264996 1.429359 0.610318 0.241401 1.429388 0.659666 0.241401 1.407632 0.659661 0.264996 1.407619 0.659661 0.264996 1.407619 0.659666 0.241401 1.407632 0.698434 0.241401 1.373687 0.698421 0.264995 1.373681 0.698421 0.264995 1.373681 0.698434 0.241401 1.373687 0.722888 0.241401 1.331138 0.722855 0.264995 1.331139 0.722855 0.264995 1.331139 0.722888 0.241401 1.331138 0.732176 0.241406 1.283347 0.732176 0.265001 1.283364 -0.543286 0.241406 1.281808 -0.543286 0.265001 1.281827 -0.543228 0.265004 1.202292 -0.543228 0.241410 1.202277 -0.315277 0.241408 1.437691 -0.315277 0.265003 1.437690 -0.365852 0.265001 1.437710 -0.365830 0.241407 1.437710 -0.533984 0.241401 1.330104 -0.533952 0.264995 1.330107 -0.543286 0.265001 1.281827 -0.543286 0.241406 1.281808 -0.509506 0.241401 1.373093 -0.509492 0.264995 1.373088 -0.533952 0.264995 1.330107 -0.533984 0.241401 1.330104 -0.470729 0.241401 1.407364 -0.470723 0.264996 1.407352 -0.509492 0.264995 1.373088 -0.509506 0.241401 1.373093 -0.421394 0.241402 1.429315 -0.421398 0.264996 1.429286 -0.470723 0.264996 1.407352 -0.470729 0.241401 1.407364 -0.365830 0.241407 1.437710 -0.365852 0.265001 1.437710 -0.421398 0.264996 1.429286 -0.421394 0.241402 1.429315 0.732118 0.241410 1.203410 0.732118 0.241410 0.000000 0.732118 0.265004 0.000000 0.732118 0.265004 1.203423 0.732176 0.241406 1.283347 0.732176 0.265001 1.283364 0.488635 0.241410 1.437675 0.554728 0.241407 1.437710 0.554750 0.265001 1.437710 0.488653 0.265004 1.437675 -0.255336 0.241410 1.437675 0.285520 0.241410 1.437675 0.237952 0.265004 1.437675 
						-0.255336 0.265004 1.437675 0.707970 0.241410 1.381499 0.734433 0.241410 1.335457 0.722888 0.241401 1.331138 0.698434 0.241401 1.373687 0.613764 0.265004 1.441195 0.555676 0.265004 1.450002 0.554750 0.265001 1.437710 0.610322 0.264996 1.429359 0.744445 0.265004 0.000000 0.744445 0.265004 1.203423 0.732118 0.265004 1.203423 0.732118 0.265004 0.000000 -0.477398 0.241410 1.417731 -0.424863 0.241410 1.441144 -0.421394 0.241402 1.429315 -0.470729 0.241401 1.407364 0.744445 0.241410 1.284543 0.732176 0.241406 1.283347 0.744445 0.265004 1.284561 0.732176 0.265001 1.283364 -0.519076 0.241410 1.380863 -0.477398 0.241410 1.417731 -0.470729 0.241401 1.407364 -0.509506 0.241401 1.373093 0.734433 0.241410 1.335457 0.744445 0.241410 1.284543 0.732176 0.241406 1.283347 0.722888 0.241401 1.331138 -0.315277 0.265004 1.450002 -0.366786 0.265004 1.450002 -0.365852 0.265001 1.437710 -0.315277 0.265003 1.437690 -0.545542 0.241410 1.334390 -0.519076 0.241410 1.380863 -0.509506 0.241401 1.373093 -0.533984 0.241401 1.330104 0.488635 0.241410 1.450002 0.555652 0.241410 1.450002 0.554728 0.241407 1.437710 0.488635 0.241410 1.437675 -0.555555 0.241410 1.282994 -0.545542 0.241410 1.334390 -0.533984 0.241401 1.330104 -0.543286 0.241406 1.281808 -0.545509 0.265004 1.334395 -0.555555 0.265004 1.283014 -0.543286 0.265001 1.281827 -0.533952 0.264995 1.330107 -0.519061 0.265004 1.380859 -0.545509 0.265004 1.334395 -0.533952 0.264995 1.330107 -0.509492 0.264995 1.373088 -0.477393 0.265004 1.417719 -0.519061 0.265004 1.380859 -0.509492 0.264995 1.373088 -0.470723 0.264996 1.407352 -0.555555 0.241410 1.202277 -0.555555 0.241410 1.282994 -0.543286 0.241406 1.281808 -0.543228 0.241410 1.202277 0.488653 0.265004 1.450002 0.488653 0.265004 1.437675 0.245084 0.265004 1.450002 
						0.226045 0.308518 1.450002 -0.255336 0.265004 1.450002 -0.255336 -0.293215 1.450002 -0.255336 -0.293215 1.424754 -0.255336 0.241410 1.450002 -0.255336 -0.293215 1.450002 0.488228 -0.331295 1.424754 0.488228 -0.293215 1.424754 -0.255336 0.265004 1.450002 -0.255336 0.265004 1.437675 0.488635 0.241410 1.450002 0.488635 0.241410 1.437675 0.337358 0.265004 1.437675 0.488635 0.241410 1.437675 0.488653 0.265004 1.437675 0.390794 0.502078 1.204445 0.390794 0.435972 1.204445 0.386182 0.508153 1.208401 0.495013 0.502078 1.115043 0.499624 0.508153 1.111088 0.495013 0.435972 1.115043 0.405034 0.502078 1.221046 0.509254 0.502078 1.131645 0.509254 0.435972 1.131645 0.405034 0.435972 1.221046 0.390794 0.502078 1.204445 0.495013 0.502078 1.115043 0.509254 0.502078 1.131645 0.405034 0.502078 1.221046 0.495013 0.502078 1.115043 0.495013 0.435972 1.115043 0.509254 0.435972 1.131645 0.509254 0.502078 1.131645 0.390794 0.435972 1.204445 0.390794 0.502078 1.204445 0.405034 0.502078 1.221046 0.405034 0.435972 1.221046 -0.315277 -0.293215 0.982758 -0.315277 -0.293216 1.010362 -0.315277 -0.293215 0.982758 -0.236961 0.388557 0.930429 0.270562 0.388557 0.944206 0.174166 0.388557 0.982758 -0.255336 0.388557 0.957930 0.210280 -0.331295 1.010362 0.209791 -0.293216 1.010362 0.306532 -0.293216 0.971721 0.306676 -0.331295 0.971809 0.306676 -0.331295 0.971809 0.306532 -0.293216 0.971721 0.346604 -0.293216 0.878435 0.346604 -0.331295 0.878735 0.173678 -0.293216 0.982758 0.174166 0.388557 0.982758 0.270562 0.388557 0.944206 0.270419 -0.293216 0.944118 0.270419 -0.293216 0.944118 0.270562 0.388557 0.944206 0.310491 0.388557 0.851132 0.310491 -0.293216 0.850831 0.310491 -0.293216 0.850831 0.346604 -0.293216 0.878435 0.306532 -0.293216 0.971721 0.270419 -0.293216 0.944118 
						0.270419 -0.293216 0.944118 0.306532 -0.293216 0.971721 0.209791 -0.293216 1.010362 0.173678 -0.293216 0.982758 0.310491 -0.293216 0.850831 0.310491 -0.293216 0.000000 0.346604 -0.293216 0.000000 0.346604 -0.293216 0.878435 0.173678 -0.293216 0.982758 0.209791 -0.293216 1.010362 0.346604 -0.293216 0.878435 0.346604 -0.293216 0.000000 0.346604 -0.331295 0.000000 0.346604 -0.331295 0.878735 -0.315277 -0.331295 1.010362 -0.315277 -0.293216 1.010362 0.209791 -0.293216 1.010362 0.210280 -0.331295 1.010362 0.310491 -0.293216 0.000000 0.310491 0.388557 0.000000 0.310491 0.388557 0.851132 -0.230508 0.388557 0.897990 -0.230508 0.388557 0.000000 0.310491 0.388557 0.000000 0.270562 0.388557 0.944206 -0.236961 0.388557 0.930429 -0.315277 0.388557 0.982758 -0.282837 0.388557 0.976306 -0.366763 0.241410 1.450002 -0.315277 0.241410 1.450002 -0.315277 0.241408 1.437691 -0.365830 0.241407 1.437710 -0.284495 0.265004 1.450002 -0.284287 0.265004 1.437683 -0.284287 0.265004 1.437683 -0.285307 0.418705 1.211440 -0.287649 0.418705 1.295527 -0.284495 0.265004 1.450002 -0.284499 0.300034 1.450002 -0.285068 0.336669 1.442290 -0.285726 0.369737 1.420417 -0.286422 0.395977 1.386259 -0.287081 0.412780 1.343215 0.744445 -0.293215 0.000000 0.704081 -0.293215 0.000000 0.709409 -0.293215 -1.203110 0.744445 -0.293215 -1.203110 0.744445 0.400322 -1.203433 0.744445 0.265004 -1.203423 -0.527013 -0.293216 -1.010362 -0.511192 -0.293215 -0.982758 -0.555555 -0.293215 -0.982758 -0.366804 0.300034 -1.450002 -0.424872 0.300034 -1.441093 -0.425667 0.336041 -1.427606 -0.369354 0.336542 -1.441760 -0.426952 0.367228 -1.410762 -0.372308 0.369561 -1.420126 -0.428983 0.388953 -1.381662 -0.375427 0.395754 -1.386030 -0.424872 0.300034 -1.441093 -0.477389 0.300034 -1.417709 -0.474831 0.335374 -1.409064 -0.425667 0.336041 -1.427606 
						-0.470296 0.363385 -1.397507 -0.426952 0.367228 -1.410762 -0.471423 0.379946 -1.375578 -0.380931 0.418705 -1.295527 -0.378381 0.412373 -1.343050 -0.431978 0.402188 -1.340431 -0.434652 0.412373 -1.293271 -0.478472 0.389270 -1.338045 -0.483239 0.395754 -1.290658 -0.510730 0.367113 -1.336249 -0.521783 0.369561 -1.287899 -0.496214 0.363385 -1.374580 -0.555555 0.300034 -1.283030 -0.546238 0.336542 -1.285286 -0.530297 0.335835 -1.335406 -0.545484 0.300034 -1.334398 -0.509783 0.335374 -1.378754 -0.519050 0.300034 -1.380855 -0.519050 0.300034 -1.380855 -0.509783 0.335374 -1.378754 -0.496214 0.363385 -1.374580 0.711368 -0.293215 -1.255193 0.703504 -0.293215 -1.307590 0.735179 -0.293215 -1.335392 0.744445 -0.293215 -1.284137 0.703504 -0.293215 -1.307590 0.677877 -0.293215 -1.354859 0.708288 -0.293215 -1.381630 0.735179 -0.293215 -1.335392 0.677877 -0.293215 -1.354859 0.636998 -0.293215 -1.392371 0.666406 -0.293215 -1.418325 0.708288 -0.293215 -1.381630 0.636998 -0.293215 -1.392371 0.584867 -0.293215 -1.416455 0.613630 -0.293215 -1.441884 0.666406 -0.293215 -1.418325 0.584867 -0.293215 -1.416455 0.526587 -0.293215 -1.424754 0.555128 -0.293215 -1.450002 0.613630 -0.293215 -1.441884 -0.424863 0.241410 -1.441144 -0.421394 0.241402 -1.429315 -0.365830 0.241407 -1.437710 -0.366763 0.241410 -1.450002 0.555676 0.265004 -1.450002 0.554750 0.265001 -1.437710 0.488653 0.265004 -1.437675 0.488653 0.265004 -1.450002 0.666290 0.265004 -1.418013 0.659661 0.264996 -1.407619 0.610322 0.264996 -1.429359 0.613764 0.265004 -1.441195 0.666294 0.241410 -1.418026 0.659666 0.241401 -1.407632 0.698434 0.241401 -1.373687 0.707970 0.241410 -1.381499 0.707956 0.265004 -1.381493 0.698421 0.264995 -1.373681 0.659661 0.264996 -1.407619 0.666290 0.265004 -1.418013 0.526587 -0.293215 -1.424754 0.584867 -0.293215 -1.416455 0.585258 -0.331295 -1.416483 
						0.527152 -0.331295 -1.424754 0.584867 -0.293215 -1.416455 0.636998 -0.293215 -1.392371 0.637234 -0.331295 -1.392482 0.585258 -0.331295 -1.416483 0.636998 -0.293215 -1.392371 0.677877 -0.293215 -1.354859 0.677992 -0.331295 -1.355098 0.637234 -0.331295 -1.392482 0.677877 -0.293215 -1.354859 0.703504 -0.293215 -1.307590 0.703542 -0.331295 -1.307992 0.677992 -0.331295 -1.355098 0.703504 -0.293215 -1.307590 0.711368 -0.293215 -1.255193 0.711383 -0.331295 -1.255775 0.703542 -0.331295 -1.307992 -0.338262 -0.331295 -1.424754 -0.396590 -0.331295 -1.416582 -0.396199 -0.293215 -1.416557 -0.337697 -0.293215 -1.424754 -0.396590 -0.331295 -1.416582 -0.449208 -0.331295 -1.392865 -0.448974 -0.293215 -1.392769 -0.396199 -0.293215 -1.416557 -0.449208 -0.331295 -1.392865 -0.490966 -0.331295 -1.355925 -0.490857 -0.293215 -1.355719 -0.448974 -0.293215 -1.392769 -0.490966 -0.331295 -1.355925 -0.517776 -0.331295 -1.309379 -0.517748 -0.293215 -1.309033 -0.490857 -0.293215 -1.355719 -0.517776 -0.331295 -1.309379 -0.527014 -0.331295 -1.257782 -0.527013 -0.293215 -1.257282 -0.517748 -0.293215 -1.309033 -0.337697 -0.293215 -1.424754 -0.396199 -0.293215 -1.416557 -0.424741 -0.293215 -1.441805 -0.366239 -0.293215 -1.450002 -0.396199 -0.293215 -1.416557 -0.448974 -0.293215 -1.392769 -0.477516 -0.293215 -1.418018 -0.424741 -0.293215 -1.441805 -0.448974 -0.293215 -1.392769 -0.490857 -0.293215 -1.355719 -0.519399 -0.293215 -1.380967 -0.477516 -0.293215 -1.418018 -0.490857 -0.293215 -1.355719 -0.517748 -0.293215 -1.309033 -0.546290 -0.293215 -1.334282 -0.519399 -0.293215 -1.380967 -0.517748 -0.293215 -1.309033 -0.527013 -0.293215 -1.257282 -0.555555 -0.293215 -1.282530 -0.546290 -0.293215 -1.334282 -0.315277 0.418705 -1.295527 -0.315277 0.412663 -1.343168 -0.315277 0.395913 -1.386194 -0.315277 0.369686 -1.420333 -0.372308 0.369561 -1.420126 -0.315277 0.336633 -1.442138 -0.369354 0.336542 -1.441760 
						-0.315277 0.300034 -1.450002 -0.366804 0.300034 -1.450002 0.666290 0.265004 -1.418013 0.666286 0.400322 -1.418003 0.707946 0.400322 -1.381489 0.707956 0.265004 -1.381493 0.707956 0.265004 -1.381493 0.707946 0.400322 -1.381489 0.734375 0.400322 -1.335462 0.734400 0.265004 -1.335460 -0.380931 0.418705 -1.211440 -0.434717 0.412514 -1.209791 -0.434893 0.412897 -0.982758 -0.380931 0.418705 -0.982758 -0.483329 0.395831 -1.207880 -0.483573 0.396041 -0.982758 -0.521896 0.369622 -1.205863 -0.522205 0.369787 -0.982758 -0.546445 0.336586 -1.203952 -0.547009 0.336705 -0.982758 -0.555555 0.300034 -1.202303 -0.555555 0.300034 -0.982758 -0.366786 0.265004 -1.450002 -0.424868 0.265004 -1.441115 -0.424868 0.265004 -1.441115 -0.477393 0.265004 -1.417719 -0.519061 0.265004 -1.380859 -0.519061 0.265004 -1.380859 -0.545509 0.265004 -1.334395 -0.555555 0.265004 -1.283014 0.613764 0.265004 -1.441195 0.613769 0.400322 -1.441173 0.744445 0.265004 -1.284561 0.744445 0.400322 -1.284575 -0.555555 0.265004 -1.202292 -0.555555 0.265004 -0.982758 -0.555555 -0.293215 -1.201937 -0.527013 -0.293216 -1.190898 -0.527013 -0.293216 -1.010362 -0.555555 -0.293215 -0.982758 -0.315277 0.265004 -1.450002 -0.366786 0.265004 -1.450002 -0.315277 -0.293215 -1.450002 -0.315277 -0.293215 -1.424754 -0.337697 -0.293215 -1.424754 -0.366239 -0.293215 -1.450002 0.744445 -0.293215 -1.203110 0.709409 -0.293215 -1.203110 0.711368 -0.293215 -1.255193 0.744445 -0.293215 -1.284137 -0.527014 -0.331295 -1.191264 -0.527013 -0.331295 -1.010362 -0.527013 -0.293216 -1.010362 -0.527013 -0.293216 -1.190898 -0.315277 -0.331295 -1.424754 -0.338262 -0.331295 -1.424754 -0.337697 -0.293215 -1.424754 -0.315277 -0.293215 -1.424754 0.709420 -0.331295 -1.203110 0.711383 -0.331295 -1.255775 0.711368 -0.293215 -1.255193 0.709409 -0.293215 -1.203110 0.286742 -0.331295 -1.424754 -0.255336 -0.331295 -1.424754 
						-0.255336 -0.293215 -1.424754 0.286742 -0.293215 -1.424754 -0.315277 0.418705 -0.982758 -0.282837 0.418705 -0.976306 -0.285307 0.418705 -1.211440 -0.315277 0.418705 -1.211440 0.555676 0.265004 -1.450002 0.488653 0.265004 -1.450002 0.488667 0.400322 -1.450002 0.555693 0.400322 -1.450002 0.744445 0.400322 -1.284575 0.744445 0.265004 -1.284561 0.555128 -0.293215 -1.450002 0.526587 -0.293215 -1.424754 0.488228 -0.293215 -1.424754 0.488228 -0.293215 -1.450002 0.527152 -0.331295 -1.424754 0.488228 -0.331295 -1.424754 0.488228 -0.293215 -1.424754 0.526587 -0.293215 -1.424754 0.744445 -0.293215 0.000000 0.744445 -0.293215 -1.203110 0.744445 0.241410 -1.203410 0.744445 0.241410 0.000000 -0.527014 -0.331295 -1.257782 -0.527013 -0.293215 -1.257282 -0.555555 -0.293215 -1.282530 -0.527013 -0.293215 -1.257282 -0.555555 0.265004 -1.283014 -0.555555 0.265004 -1.202292 -0.555555 0.300034 -1.202303 -0.555555 0.300034 -1.283030 -0.546238 0.336542 -1.285286 -0.546445 0.336586 -1.203952 -0.521783 0.369561 -1.287899 -0.521896 0.369622 -1.205863 -0.483329 0.395831 -1.207880 -0.434717 0.412514 -1.209791 -0.380931 0.418705 -1.211440 0.558243 0.436829 -1.441760 0.614908 0.436122 -1.427761 0.613769 0.400322 -1.441173 0.614908 0.436122 -1.427761 0.663910 0.435661 -1.409776 0.698172 0.435661 -1.379112 0.561198 0.469848 -1.420126 0.615860 0.467400 -1.410462 0.615860 0.467400 -1.410462 0.659190 0.463672 -1.397757 0.685106 0.463673 -1.374998 0.719129 0.436328 -1.335964 0.735127 0.436830 -1.286552 0.700087 0.467516 -1.336887 0.710672 0.469848 -1.288842 0.667191 0.489240 -1.338466 0.672129 0.496041 -1.291260 0.698172 0.435661 -1.379112 0.685106 0.463673 -1.374998 0.660313 0.480233 -1.375876 0.569821 0.518993 -1.295527 0.623542 0.512661 -1.293550 0.620582 0.502476 -1.340896 0.567271 0.512661 -1.343050 0.617884 0.489558 -1.381959 
						0.564316 0.496042 -1.386030 0.617884 0.489558 -1.381959 0.569821 0.518993 -1.211440 0.623607 0.512802 -1.209995 0.623542 0.512661 -1.293550 0.672218 0.496119 -1.208320 0.672129 0.496041 -1.291260 0.710786 0.469909 -1.206553 0.710672 0.469848 -1.288842 0.735334 0.436874 -1.204878 0.735127 0.436830 -1.286552 0.385777 0.518993 -1.171518 0.181713 0.418705 -1.211440 0.156749 0.418705 -1.211440 0.155102 0.418705 -1.039643 0.181713 0.418705 -1.051188 0.497646 0.512778 -1.343097 0.499624 0.518993 -1.295527 0.495355 0.496106 -1.386096 0.492936 0.469899 -1.420210 0.490644 0.436866 -1.441913 0.259904 0.513138 -1.343243 0.243060 0.510207 -1.343253 0.240633 0.516076 -1.295527 0.257435 0.518993 -1.295527 0.227669 0.502151 -1.343260 0.225313 0.508107 -1.295527 0.217855 0.491129 -1.343262 0.215578 0.497221 -1.295527 0.264341 0.496302 -1.386298 0.247425 0.493295 -1.386312 0.231915 0.485054 -1.386322 0.221965 0.473786 -1.386325 0.274064 0.470053 -1.420464 0.257056 0.466957 -1.420482 0.241387 0.458476 -1.420495 0.231257 0.446884 -1.420500 0.287853 0.436976 -1.442372 0.270758 0.433793 -1.442407 0.254937 0.425078 -1.442432 0.244631 0.413168 -1.442442 0.307190 0.400322 -1.450002 0.290058 0.397097 -1.450002 0.274176 0.388286 -1.450002 0.263801 0.376251 -1.450002 0.240019 0.516088 -1.211440 0.256807 0.518993 -1.211440 0.224722 0.508153 -1.211440 0.215013 0.497314 -1.211440 0.495355 0.496106 -1.386096 0.490644 0.436866 -1.441913 0.488667 0.400322 -1.450002 0.492936 0.469899 -1.420210 0.167399 0.414899 -1.343262 0.157485 0.412897 -1.343262 0.156749 0.418705 -1.295527 0.166689 0.421703 -1.295527 0.172381 0.397623 -1.386325 0.161798 0.396041 -1.386325 0.182051 0.371514 -1.420500 0.171369 0.369787 -1.420500 0.195940 0.339704 -1.442442 0.185274 0.338906 -1.442442 0.215183 0.302068 -1.450002 
						0.204321 0.300034 -1.450002 0.287035 0.241410 -1.450002 0.488635 0.241410 -1.450002 0.488228 -0.293215 -1.450002 0.286742 -0.293215 -1.450002 0.181713 0.418705 -1.211440 0.181713 0.429116 -1.211440 0.169231 0.421703 -1.211440 0.156749 0.418705 -1.211440 0.290058 0.397097 -1.450002 0.348122 0.265004 -1.450002 0.326593 0.265004 -1.450002 0.274176 0.388286 -1.450002 0.263801 0.376251 -1.450002 -0.255336 0.300034 -1.450002 -0.255336 0.336705 -1.442442 0.206607 0.344917 -1.442442 0.226045 0.308518 -1.450002 0.176630 0.429116 -1.295527 0.177312 0.421316 -1.343262 -0.255336 0.412897 -1.343262 -0.255336 0.418705 -1.295527 0.156749 0.418705 -1.211440 -0.255336 0.418705 -1.211440 0.192733 0.377655 -1.420500 -0.255336 0.369787 -1.420500 0.182964 0.403621 -1.386325 -0.255336 0.396041 -1.386325 0.386182 0.418705 -1.208401 0.333416 0.418705 -1.211440 0.333416 0.418705 -1.140043 0.372845 0.518993 -1.199747 0.382496 0.518993 -1.186796 0.341051 0.518993 -1.211440 0.358291 0.518993 -1.208401 0.341051 0.508153 -1.211440 0.358291 0.508153 -1.208401 0.358291 0.518993 -1.208401 0.341051 0.518993 -1.211440 0.372845 0.508153 -1.199747 0.372845 0.518993 -1.199747 0.382496 0.508153 -1.186796 0.382496 0.518993 -1.186796 0.385777 0.508153 -1.171518 0.385777 0.518993 -1.171518 0.256807 0.518993 -1.211440 0.240019 0.516088 -1.211440 0.341051 0.508153 -1.211440 0.341051 0.518993 -1.211440 0.385777 0.508153 -1.171518 0.499624 0.508153 -1.111088 0.215013 0.497314 -1.211440 0.334252 0.428495 -1.211440 0.358291 0.508153 -1.208401 0.386182 0.429897 -1.208401 0.386182 0.508153 -1.208401 0.386182 0.429897 -1.208401 0.386182 0.418705 -1.208401 0.499624 0.418705 -1.111088 0.499624 0.429897 -1.111088 0.358291 0.508153 -1.208401 0.386182 0.508153 -1.208401 0.382496 0.508153 -1.186796 0.372845 0.508153 -1.199747 
						0.499624 0.418705 -1.111088 0.224722 0.508153 -1.211440 0.169231 0.421703 -1.211440 0.181713 0.429116 -1.211440 0.495013 0.435972 -1.115043 0.509254 0.435972 -1.131645 0.405034 0.435972 -1.221046 0.390794 0.435972 -1.204445 0.333416 0.418705 -1.211440 0.386182 0.418705 -1.208401 -0.555555 0.265004 -1.283014 -0.543286 0.265001 -1.281827 -0.543228 0.265004 -1.202292 -0.555555 0.265004 -1.202292 0.286742 -0.293215 -1.450002 0.488228 -0.293215 -1.450002 0.488228 -0.293215 -1.424754 0.286742 -0.293215 -1.424754 0.488653 0.265004 -1.450002 0.215183 0.302068 -1.450002 0.234332 0.265004 -1.450002 0.224590 0.265004 -1.450002 0.734400 0.265004 -1.335460 0.722855 0.264995 -1.331139 0.698421 0.264995 -1.373681 0.707956 0.265004 -1.381493 -0.255336 0.418705 -0.957930 -0.236961 0.418705 -0.930429 -0.255336 0.418705 -1.211440 0.555128 -0.293215 -1.450002 0.488228 -0.293215 -1.450002 0.488635 0.241410 -1.450002 0.555652 0.241410 -1.450002 0.744445 -0.293215 -1.284137 0.744445 0.241410 -1.284543 -0.255336 0.241410 -1.450002 -0.255336 0.241410 -1.437675 0.285520 0.241410 -1.437675 0.287035 0.241410 -1.450002 -0.555555 0.241410 -1.202277 -0.555555 0.241410 -0.982758 -0.555555 0.265004 -0.982758 -0.555555 0.265004 -1.202292 0.326593 0.265004 -1.450002 0.337358 0.265004 -1.437675 0.237952 0.265004 -1.437675 0.245084 0.265004 -1.450002 0.744445 0.265004 -1.284561 0.732176 0.265001 -1.283364 0.722855 0.264995 -1.331139 0.734400 0.265004 -1.335460 0.555652 0.241410 -1.450002 0.554728 0.241407 -1.437710 0.610318 0.241401 -1.429388 0.613759 0.241410 -1.441225 0.234332 0.265004 -1.450002 0.224590 0.265004 -1.450002 -0.366786 0.265004 -1.450002 -0.365852 0.265001 -1.437710 -0.421398 0.264996 -1.429286 -0.424868 0.265004 -1.441115 0.613764 0.265004 -1.441195 -0.377440 0.388557 -0.982758 -0.380931 0.418705 -0.982758 
						-0.434893 0.412897 -0.982758 -0.421013 0.383867 -0.982758 -0.483573 0.396041 -0.982758 -0.457172 0.371347 -0.982758 -0.522205 0.369787 -0.982758 -0.485867 0.351846 -0.982758 -0.547009 0.336705 -0.982758 -0.504291 0.327273 -0.982758 -0.555555 0.300034 -0.982758 -0.511192 0.297661 -0.982758 -0.511192 0.241410 -0.982758 -0.555555 0.241410 -0.982758 -0.555555 -0.293215 -0.982758 -0.511192 -0.293215 -0.982758 -0.555555 0.265004 -0.982758 -0.511192 0.265004 -0.982758 -0.377440 -0.293216 -1.010362 -0.377440 -0.293215 -0.982758 -0.315277 0.388557 -0.982758 -0.282837 0.388557 -0.976306 -0.282837 0.418705 -0.976306 -0.315277 0.418705 -0.982758 -0.255336 0.388557 -0.957930 -0.255336 0.418705 -0.957930 -0.236961 0.388557 -0.930429 -0.236961 0.418705 -0.930429 -0.230508 0.388557 -0.897990 -0.230508 0.418705 -0.897990 -0.315277 0.418705 -1.211440 -0.230508 0.418705 -0.897990 -0.230508 0.388557 -0.897990 -0.377440 -0.293215 -0.982758 -0.230508 0.418705 -0.897990 0.499624 0.429897 -1.111088 0.499624 0.418705 -1.111088 0.499624 0.508153 -1.111088 0.704081 -0.293215 0.000000 0.704081 -0.331295 0.000000 0.709420 -0.331295 -1.203110 0.709409 -0.293215 -1.203110 0.385777 0.518993 -1.171518 0.385777 0.508153 -1.171518 -0.366239 -0.293215 -1.450002 -0.424741 -0.293215 -1.441805 -0.424863 0.241410 -1.441144 -0.366763 0.241410 -1.450002 -0.477516 -0.293215 -1.418018 -0.477398 0.241410 -1.417731 -0.519399 -0.293215 -1.380967 -0.519076 0.241410 -1.380863 -0.546290 -0.293215 -1.334282 -0.545542 0.241410 -1.334390 -0.555555 -0.293215 -1.282530 -0.555555 0.241410 -1.282994 -0.555555 -0.293215 -1.201937 -0.555555 -0.293215 -0.982758 -0.315277 -0.293215 -1.450002 -0.315277 0.241410 -1.450002 0.613759 0.241410 -1.441225 0.610318 0.241401 -1.429388 0.659666 0.241401 -1.407632 0.666294 0.241410 -1.418026 0.666294 0.241410 -1.418026 0.666406 -0.293215 -1.418325 
						0.613630 -0.293215 -1.441884 0.613759 0.241410 -1.441225 -0.555555 0.265004 -1.202292 -0.543228 0.265004 -1.202292 -0.543228 0.241410 -1.202277 -0.555555 0.241410 -1.202277 -0.527013 -0.331295 -1.010362 -0.377440 -0.331295 -1.010362 -0.377440 -0.293216 -1.010362 -0.527013 -0.293216 -1.010362 0.707970 0.241410 -1.381499 0.708288 -0.293215 -1.381630 0.734433 0.241410 -1.335457 0.735179 -0.293215 -1.335392 0.348122 0.265004 -1.450002 -0.424868 0.265004 -1.441115 -0.421398 0.264996 -1.429286 -0.470723 0.264996 -1.407352 -0.477393 0.265004 -1.417719 0.744445 0.241410 -1.203410 0.732118 0.241410 -1.203410 0.732118 0.241410 0.000000 0.744445 0.241410 0.000000 0.554750 0.265001 -1.437710 0.610322 0.264996 -1.429359 0.610318 0.241401 -1.429388 0.554728 0.241407 -1.437710 0.610322 0.264996 -1.429359 0.659661 0.264996 -1.407619 0.659666 0.241401 -1.407632 0.610318 0.241401 -1.429388 0.659661 0.264996 -1.407619 0.698421 0.264995 -1.373681 0.698434 0.241401 -1.373687 0.659666 0.241401 -1.407632 0.698421 0.264995 -1.373681 0.722855 0.264995 -1.331139 0.722888 0.241401 -1.331138 0.698434 0.241401 -1.373687 0.722855 0.264995 -1.331139 0.732176 0.265001 -1.283364 0.732176 0.241406 -1.283347 0.722888 0.241401 -1.331138 -0.543286 0.241406 -1.281808 -0.543228 0.241410 -1.202277 -0.543228 0.265004 -1.202292 -0.543286 0.265001 -1.281827 -0.315277 0.241408 -1.437691 -0.365830 0.241407 -1.437710 -0.365852 0.265001 -1.437710 -0.315277 0.265003 -1.437690 -0.533984 0.241401 -1.330104 -0.543286 0.241406 -1.281808 -0.543286 0.265001 -1.281827 -0.533952 0.264995 -1.330107 -0.509506 0.241401 -1.373093 -0.533984 0.241401 -1.330104 -0.533952 0.264995 -1.330107 -0.509492 0.264995 -1.373088 -0.470729 0.241401 -1.407364 -0.509506 0.241401 -1.373093 -0.509492 0.264995 -1.373088 -0.470723 0.264996 -1.407352 -0.421394 0.241402 -1.429315 
						-0.470729 0.241401 -1.407364 -0.470723 0.264996 -1.407352 -0.421398 0.264996 -1.429286 -0.365830 0.241407 -1.437710 -0.421394 0.241402 -1.429315 -0.421398 0.264996 -1.429286 -0.365852 0.265001 -1.437710 0.732118 0.241410 -1.203410 0.732118 0.265004 -1.203423 0.732118 0.265004 0.000000 0.732118 0.241410 0.000000 0.732176 0.241406 -1.283347 0.732176 0.265001 -1.283364 0.488635 0.241410 -1.437675 0.488653 0.265004 -1.437675 0.554750 0.265001 -1.437710 0.554728 0.241407 -1.437710 -0.255336 0.241410 -1.437675 -0.255336 0.265004 -1.437675 0.237952 0.265004 -1.437675 0.285520 0.241410 -1.437675 0.707970 0.241410 -1.381499 0.698434 0.241401 -1.373687 0.722888 0.241401 -1.331138 0.734433 0.241410 -1.335457 0.613764 0.265004 -1.441195 0.610322 0.264996 -1.429359 0.554750 0.265001 -1.437710 0.555676 0.265004 -1.450002 0.744445 0.265004 0.000000 0.732118 0.265004 0.000000 0.732118 0.265004 -1.203423 0.744445 0.265004 -1.203423 -0.477398 0.241410 -1.417731 -0.470729 0.241401 -1.407364 -0.421394 0.241402 -1.429315 -0.424863 0.241410 -1.441144 0.744445 0.241410 -1.284543 0.732176 0.241406 -1.283347 0.732176 0.265001 -1.283364 0.744445 0.265004 -1.284561 -0.519076 0.241410 -1.380863 -0.509506 0.241401 -1.373093 -0.470729 0.241401 -1.407364 -0.477398 0.241410 -1.417731 0.734433 0.241410 -1.335457 0.722888 0.241401 -1.331138 0.732176 0.241406 -1.283347 0.744445 0.241410 -1.284543 -0.315277 0.265004 -1.450002 -0.315277 0.265003 -1.437690 -0.365852 0.265001 -1.437710 -0.366786 0.265004 -1.450002 -0.545542 0.241410 -1.334390 -0.533984 0.241401 -1.330104 -0.509506 0.241401 -1.373093 -0.519076 0.241410 -1.380863 0.488635 0.241410 -1.450002 0.488635 0.241410 -1.437675 0.554728 0.241407 -1.437710 0.555652 0.241410 -1.450002 -0.555555 0.241410 -1.282994 -0.543286 0.241406 -1.281808 -0.533984 0.241401 -1.330104 
						-0.545542 0.241410 -1.334390 -0.545509 0.265004 -1.334395 -0.533952 0.264995 -1.330107 -0.543286 0.265001 -1.281827 -0.555555 0.265004 -1.283014 -0.519061 0.265004 -1.380859 -0.509492 0.264995 -1.373088 -0.533952 0.264995 -1.330107 -0.545509 0.265004 -1.334395 -0.477393 0.265004 -1.417719 -0.470723 0.264996 -1.407352 -0.509492 0.264995 -1.373088 -0.519061 0.265004 -1.380859 -0.555555 0.241410 -1.202277 -0.543228 0.241410 -1.202277 -0.543286 0.241406 -1.281808 -0.555555 0.241410 -1.282994 0.488653 0.265004 -1.450002 0.488653 0.265004 -1.437675 0.226045 0.308518 -1.450002 0.245084 0.265004 -1.450002 -0.255336 0.265004 -1.450002 -0.255336 -0.293215 -1.450002 -0.255336 -0.293215 -1.424754 -0.255336 0.241410 -1.450002 -0.255336 -0.293215 -1.450002 0.488228 -0.331295 -1.424754 0.488228 -0.293215 -1.424754 -0.255336 0.265004 -1.437675 -0.255336 0.265004 -1.450002 0.488635 0.241410 -1.437675 0.488635 0.241410 -1.450002 0.337358 0.265004 -1.437675 0.488653 0.265004 -1.437675 0.488635 0.241410 -1.437675 0.390794 0.502078 -1.204445 0.386182 0.508153 -1.208401 0.390794 0.435972 -1.204445 0.495013 0.502078 -1.115043 0.499624 0.508153 -1.111088 0.495013 0.435972 -1.115043 0.405034 0.502078 -1.221046 0.405034 0.435972 -1.221046 0.509254 0.435972 -1.131645 0.509254 0.502078 -1.131645 0.390794 0.502078 -1.204445 0.405034 0.502078 -1.221046 0.509254 0.502078 -1.131645 0.495013 0.502078 -1.115043 0.495013 0.502078 -1.115043 0.509254 0.502078 -1.131645 0.509254 0.435972 -1.131645 0.495013 0.435972 -1.115043 0.390794 0.435972 -1.204445 0.405034 0.435972 -1.221046 0.405034 0.502078 -1.221046 0.390794 0.502078 -1.204445 -0.315277 -0.293216 -1.010362 -0.315277 -0.293215 -0.982758 -0.315277 -0.293215 -0.982758 -0.236961 0.388557 -0.930429 -0.255336 0.388557 -0.957930 0.174166 0.388557 -0.982758 0.270562 0.388557 -0.944206 
						0.210280 -0.331295 -1.010362 0.306676 -0.331295 -0.971809 0.306532 -0.293216 -0.971721 0.209791 -0.293216 -1.010362 0.306676 -0.331295 -0.971809 0.346604 -0.331295 -0.878735 0.346604 -0.293216 -0.878435 0.306532 -0.293216 -0.971721 0.173678 -0.293216 -0.982758 0.270419 -0.293216 -0.944118 0.270562 0.388557 -0.944206 0.174166 0.388557 -0.982758 0.270419 -0.293216 -0.944118 0.310491 -0.293216 -0.850831 0.310491 0.388557 -0.851132 0.270562 0.388557 -0.944206 0.310491 -0.293216 -0.850831 0.270419 -0.293216 -0.944118 0.306532 -0.293216 -0.971721 0.346604 -0.293216 -0.878435 0.270419 -0.293216 -0.944118 0.173678 -0.293216 -0.982758 0.209791 -0.293216 -1.010362 0.306532 -0.293216 -0.971721 0.310491 -0.293216 -0.850831 0.346604 -0.293216 -0.878435 0.346604 -0.293216 0.000000 0.310491 -0.293216 0.000000 0.209791 -0.293216 -1.010362 0.173678 -0.293216 -0.982758 0.346604 -0.293216 -0.878435 0.346604 -0.331295 -0.878735 0.346604 -0.331295 0.000000 0.346604 -0.293216 0.000000 -0.315277 -0.331295 -1.010362 0.210280 -0.331295 -1.010362 0.209791 -0.293216 -1.010362 -0.315277 -0.293216 -1.010362 0.310491 -0.293216 0.000000 0.310491 0.388557 0.000000 0.310491 0.388557 -0.851132 -0.230508 0.388557 -0.897990 -0.236961 0.388557 -0.930429 0.270562 0.388557 -0.944206 -0.282837 0.388557 -0.976306 -0.315277 0.388557 -0.982758 -0.366763 0.241410 -1.450002 -0.365830 0.241407 -1.437710 -0.315277 0.241408 -1.437691 -0.315277 0.241410 -1.450002 -0.284495 0.265004 -1.450002 -0.284287 0.265004 -1.437683 -0.284287 0.265004 -1.437683 -0.285307 0.418705 -1.211440 -0.287649 0.418705 -1.295527 -0.284495 0.265004 -1.450002 -0.284499 0.300034 -1.450002 -0.285068 0.336669 -1.442290 -0.285726 0.369737 -1.420417 -0.286422 0.395977 -1.386259 -0.287081 0.412780 -1.343215 -0.063112 0.422758 0.984837 0.406063 0.484654 1.119776 0.406063 0.484654 -1.119776 
						-0.063112 0.422758 -0.984837 
					</float_array>
					<technique_common>
						<accessor count="1601" offset="0" source="#meshId0-positions-array" stride="3">
							<param name="X" type="float" />
							<param name="Y" type="float" />
							<param name="Z" type="float" />
						</accessor>
					</technique_common>
				</source>
				<source id="meshId0-normals" name="meshId0-normals">
					<float_array id="meshId0-normals-array" count="4803"> 
						0.000000 -1.000000 0.000000 0.000000 -1.000000 0.000000 0.000000 -1.000000 0.000000 0.000000 -1.000000 0.000000 0.992713 0.120502 0.000400 1.000000 0.000000 0.000000 1.000000 0.000000 0.000000 0.993013 0.118002 0.000000 0.000000 -1.000000 0.000000 0.000000 -1.000000 0.000000 0.000000 -1.000000 0.000000 -0.084997 0.122195 0.988860 -0.098304 0.387916 0.916437 -0.268199 0.373299 0.888097 -0.280509 0.139704 0.949630 -0.088505 0.664038 0.742442 -0.228011 0.629331 0.742936 -0.080399 0.870089 0.486294 -0.205594 0.860574 0.465986 -0.280509 0.139704 0.949630 -0.268199 0.373299 0.888097 -0.491214 0.331909 0.805323 -0.527916 0.127804 0.839625 -0.228011 0.629331 0.742936 -0.415386 0.574981 0.704877 -0.380884 0.818666 0.429782 -0.070699 0.994380 0.078798 -0.226001 0.969706 0.092701 -0.220894 0.942475 0.250893 -0.083696 0.963658 0.253689 -0.445014 0.890928 0.090603 -0.424305 0.873709 0.237903 -0.703865 0.702366 0.106095 -0.698497 0.662397 0.270799 -0.645170 0.592672 0.482177 -0.984815 0.137102 0.106502 -0.926716 0.150503 0.344306 -0.852900 0.406900 0.327100 -0.896527 0.426313 0.120404 -0.777504 0.132301 0.614804 -0.743479 0.348490 0.570784 -0.777504 0.132301 0.614804 -0.743479 0.348490 0.570784 -0.645170 0.592672 0.482177 0.000000 -1.000000 0.000000 0.000000 -1.000000 0.000000 0.000000 -1.000000 0.000000 0.000000 -1.000000 0.000000 0.000000 -1.000000 0.000000 0.000000 -1.000000 0.000000 0.000000 -1.000000 0.000000 0.000000 -1.000000 0.000000 0.000000 -1.000000 0.000000 0.000000 -1.000000 0.000000 0.000000 -1.000000 0.000000 0.000000 -1.000000 0.000000 0.000000 -1.000000 0.000000 0.000000 -1.000000 0.000000 0.000000 -1.000000 0.000000 0.000000 -1.000000 0.000000 0.000000 -1.000000 0.000000 0.000000 -1.000000 0.000000 0.000000 -1.000000 0.000000 0.000000 -1.000000 0.000000 
						0.000200 1.000000 -0.000500 0.000000 1.000000 -0.000300 0.000000 1.000000 -0.000300 0.000200 1.000000 -0.000500 0.000000 -1.000000 0.000300 0.000000 -1.000000 0.000100 0.000000 -1.000000 0.000100 0.000000 -1.000000 0.000300 0.000400 -1.000000 0.000600 0.000200 -1.000000 0.000600 0.000200 -1.000000 0.000600 0.000400 -1.000000 0.000600 -0.000400 1.000000 -0.000600 -0.000600 1.000000 -0.000500 -0.000600 1.000000 -0.000500 -0.000400 1.000000 -0.000600 0.000600 -1.000000 0.000500 0.000400 -1.000000 0.000600 0.000400 -1.000000 0.000600 0.000600 -1.000000 0.000500 0.070003 0.001100 0.997546 0.071297 0.001100 0.997455 0.284005 0.003700 0.958816 0.282305 0.003700 0.959318 0.282305 0.003700 0.959318 0.284005 0.003700 0.958816 0.554598 0.005900 0.832097 0.553998 0.005900 0.832497 0.553998 0.005900 0.832497 0.554598 0.005900 0.832097 0.788108 0.006200 0.615506 0.788502 0.006200 0.615001 0.788502 0.006200 0.615001 0.788108 0.006200 0.615506 0.947952 0.004300 0.318384 0.948614 0.004300 0.316405 0.948614 0.004300 0.316405 0.947952 0.004300 0.318384 0.998390 0.001400 0.056699 0.998491 0.001300 0.054900 -0.070202 0.001000 0.997532 -0.068902 0.001000 0.997623 -0.276806 0.003500 0.960919 -0.278508 0.003500 0.960427 -0.278508 0.003500 0.960427 -0.276806 0.003500 0.960919 -0.542588 0.005400 0.839982 -0.543194 0.005400 0.839590 -0.543194 0.005400 0.839590 -0.542588 0.005400 0.839982 -0.774840 0.005600 0.632133 -0.774524 0.005600 0.632520 -0.774524 0.005600 0.632520 -0.774840 0.005600 0.632133 -0.939725 0.003800 0.341909 -0.939107 0.003800 0.343603 -0.939107 0.003800 0.343603 -0.939725 0.003800 0.341909 -0.996146 0.001200 0.087704 -0.996013 0.001200 0.089201 0.000000 -1.000000 0.000000 0.000000 -1.000000 0.000000 0.000000 -1.000000 0.000000 0.000000 -1.000000 0.000000 
						0.000000 -1.000000 0.000000 0.000000 -1.000000 0.000000 0.000000 -1.000000 0.000000 0.000000 -1.000000 0.000000 0.000000 -1.000000 0.000000 0.000000 -1.000000 0.000000 0.000000 -1.000000 0.000000 0.000000 -1.000000 0.000000 0.000000 -1.000000 0.000000 0.000000 -1.000000 0.000000 0.000000 -1.000000 0.000000 0.000000 -1.000000 0.000000 0.000000 -1.000000 0.000000 0.000000 -1.000000 0.000000 0.000000 -1.000000 0.000000 0.000000 -1.000000 0.000000 -0.001100 0.997981 0.063499 -0.003100 0.969135 0.246509 -0.003800 0.871206 0.490903 -0.088505 0.664038 0.742442 -0.004200 0.680986 0.732285 -0.098304 0.387916 0.916437 -0.004000 0.387401 0.921903 -0.084997 0.122195 0.988860 -0.001600 0.106402 0.994322 0.537600 0.000100 0.843200 0.773636 0.000100 0.633630 0.775397 0.134899 0.616897 0.525907 0.126302 0.841112 0.773636 0.000100 0.633630 0.936522 0.000100 0.350608 0.924922 0.153004 0.348008 0.775397 0.134899 0.616897 -0.056699 0.998391 0.000400 -0.055398 0.998464 0.000400 -0.219693 0.975568 0.001200 -0.220402 0.975408 0.001200 -0.448013 0.894026 0.001500 -0.447493 0.894286 0.001500 -0.691333 0.722534 0.001700 -0.691896 0.721996 0.001700 -0.905250 0.424876 0.001700 -0.904393 0.426697 0.001700 -0.993013 0.118002 0.000700 -0.992713 0.120502 0.000700 -0.075901 0.000100 0.997115 -0.281609 0.000300 0.959529 -0.281609 0.000300 0.959529 -0.541010 0.000400 0.841016 -0.776331 0.000400 0.630325 -0.776331 0.000400 0.630325 -0.937528 0.000400 0.347910 -0.995333 0.000200 0.096503 0.279301 0.000100 0.960204 0.277291 0.137695 0.950868 0.984604 0.137601 0.107800 0.995245 0.000000 0.097404 -1.000000 0.000000 0.000000 -1.000000 0.000000 0.000000 0.000000 -1.000000 0.000000 0.000000 -1.000000 0.000000 0.000000 -1.000000 0.000000 0.000000 -1.000000 0.000000 0.000000 0.000000 1.000000 
						-0.075901 0.000100 0.997115 0.000000 -1.000000 0.000000 0.000000 -1.000000 0.000000 0.000000 -1.000000 0.000000 0.000000 -1.000000 0.000000 0.000000 -1.000000 0.000000 0.000000 -1.000000 0.000000 0.000000 -1.000000 0.000000 0.000000 -1.000000 0.000000 -1.000000 0.000000 0.000000 -1.000000 0.000000 0.000000 -1.000000 0.000000 0.000000 -1.000000 0.000000 0.000000 0.000000 0.000000 1.000000 0.000000 0.000000 1.000000 -0.068902 0.001000 0.997623 -0.070202 0.001000 0.997532 0.999782 0.000100 -0.020900 0.999782 0.000100 -0.020900 0.998491 0.001300 0.054900 0.998390 0.001400 0.056699 0.000000 0.000000 1.000000 0.000000 0.000000 1.000000 0.000000 0.000000 1.000000 0.000000 0.000000 1.000000 0.000000 1.000000 0.000000 0.000000 1.000000 0.000000 0.000000 1.000000 0.000000 0.000000 1.000000 0.000000 0.075297 0.000000 0.997161 0.083501 0.122802 0.988912 0.000600 0.107599 0.994194 0.000000 0.000000 1.000000 0.995245 0.000000 0.097404 0.984604 0.137601 0.107800 0.000000 -1.000000 0.000000 0.000000 -1.000000 0.000000 0.000000 -1.000000 0.000000 0.000000 -1.000000 0.000000 0.071297 0.001100 0.997455 0.070003 0.001100 0.997546 0.000000 0.000000 1.000000 0.000000 0.000000 1.000000 1.000000 0.000000 0.000000 1.000000 0.000000 0.000000 1.000000 0.000000 0.000000 1.000000 0.000000 0.000000 -0.996013 0.001200 0.089201 -0.996146 0.001200 0.087704 0.000000 -1.000000 0.000000 0.000000 -1.000000 0.000000 -0.995333 0.000200 0.096503 -0.984815 0.137102 0.106502 -0.992713 0.120502 0.000700 -1.000000 0.000000 0.000000 -0.896527 0.426313 0.120404 -0.904393 0.426697 0.001700 -0.703865 0.702366 0.106095 -0.691896 0.721996 0.001700 -0.447493 0.894286 0.001500 -0.220402 0.975408 0.001200 -0.056699 0.998391 0.000400 0.277291 0.137695 0.950868 0.264701 0.375301 0.888303 
						0.096496 0.389485 0.915964 0.489696 0.334697 0.805094 0.264701 0.375301 0.888303 0.742508 0.347404 0.572706 0.224191 0.630074 0.743469 0.087000 0.663500 0.743100 0.412787 0.576482 0.705178 0.224191 0.630074 0.743469 0.643984 0.592486 0.483988 0.896793 0.425697 0.120599 0.851826 0.406312 0.330610 0.703069 0.703268 0.105395 0.697343 0.662041 0.274617 0.443292 0.891685 0.091598 0.421293 0.875385 0.237096 0.742508 0.347404 0.572706 0.643984 0.592486 0.483988 0.379597 0.818994 0.430297 0.070100 0.994399 0.079100 0.081303 0.964041 0.253011 0.221299 0.942697 0.249699 0.226494 0.969476 0.093898 0.077800 0.869704 0.487402 0.205604 0.859418 0.468110 0.205604 0.859418 0.468110 0.056699 0.998391 0.000300 0.226494 0.969476 0.093898 0.220402 0.975409 0.000700 0.443292 0.891685 0.091598 0.447493 0.894287 0.000900 0.703069 0.703268 0.105395 0.691896 0.721996 0.001000 0.896793 0.425697 0.120599 0.904394 0.426697 0.001000 0.000000 1.000000 0.000000 0.055398 0.998464 0.000000 0.000000 1.000000 0.000000 0.691284 0.722583 0.000000 0.447893 0.894087 0.000000 0.905233 0.424915 0.000000 0.000000 1.000000 0.000000 0.000000 1.000000 0.000000 0.000000 1.000000 0.000000 -0.064999 0.997885 -0.001000 0.000400 0.997930 0.064302 0.001100 0.969038 0.246910 0.001400 0.871388 0.490593 0.001600 0.680784 0.732483 0.001500 0.388517 0.921440 -0.083498 0.964873 0.249093 -0.086300 0.994205 0.064100 -0.319507 0.945219 0.066901 -0.310089 0.916566 0.252491 -0.610485 0.789281 0.065898 -0.593710 0.768613 0.238204 -0.813029 0.580020 0.050602 -0.790947 0.575334 0.208312 -0.077001 0.864209 0.497205 -0.283000 0.815900 0.504200 -0.543916 0.687520 0.481114 -0.732959 0.522871 0.435176 -0.059000 0.673306 0.737006 -0.220098 0.628294 0.746193 -0.429695 0.530794 0.730492 
						-0.594576 0.413983 0.689273 -0.030999 0.382889 0.923274 -0.123897 0.352491 0.927577 -0.248492 0.296090 0.922270 -0.347299 0.233199 0.908296 -0.006500 0.106905 0.994248 -0.032100 0.095699 0.994893 -0.066502 0.078102 0.994725 -0.091600 0.059700 0.994005 -0.086099 0.996286 0.000700 -0.320304 0.947312 0.002500 -0.613491 0.789688 0.004700 -0.820489 0.571592 -0.009000 0.001400 0.871388 0.490593 0.001500 0.388517 0.921440 0.000600 0.107599 0.994194 0.001600 0.680784 0.732483 -0.369425 0.890460 0.265718 -0.413015 0.908732 0.060202 -0.126398 0.989983 0.062899 -0.100106 0.962058 0.253815 -0.289309 0.802826 0.521317 -0.068901 0.861414 0.503208 -0.204099 0.621698 0.756198 -0.047098 0.675373 0.735971 -0.104100 0.327500 0.939099 -0.024800 0.378403 0.925308 -0.025401 0.075203 0.996845 -0.007100 0.088703 0.996033 0.000000 0.000000 1.000000 0.000000 0.000000 1.000000 0.000000 0.000000 1.000000 0.000000 0.000000 1.000000 0.000000 0.000000 -1.000000 0.000000 0.000000 -1.000000 0.000000 0.000000 -1.000000 0.000000 0.000000 -1.000000 -0.032100 0.095699 0.994893 0.000000 0.000000 1.000000 0.000000 0.000000 1.000000 0.000000 1.000000 0.000000 0.000000 1.000000 0.000000 -0.066502 0.078102 0.994725 -0.091600 0.059700 0.994005 -0.002200 0.386495 0.922289 -0.000800 0.100504 0.994936 -0.238895 0.247095 0.939081 -0.051901 0.057101 0.997018 -0.740983 0.669884 0.046899 -0.713127 0.660825 0.234009 -0.000500 0.998150 0.060803 -0.001300 0.969574 0.244794 -0.064999 0.997885 -0.001000 0.000000 1.000000 0.000000 -0.484827 0.472426 0.736041 -0.002100 0.684814 0.728715 -0.634334 0.605332 0.480826 -0.001600 0.870772 0.491684 0.219598 0.975590 0.000000 0.000000 1.000000 0.000000 0.000000 1.000000 0.000000 0.000000 1.000000 0.000000 0.000000 1.000000 0.000000 0.000000 1.000000 0.000000 
						0.000000 1.000000 0.000000 0.000000 1.000000 0.000000 -0.060000 -0.002200 -0.998196 -0.087100 0.000000 -0.996200 -0.347998 0.000000 -0.937495 -0.210401 -0.004100 -0.977606 -0.669401 0.000000 -0.742901 -0.669401 0.000000 -0.742901 -0.910633 0.000000 -0.413215 -0.910633 0.000000 -0.413215 -0.994504 0.000000 -0.104700 -0.994504 0.000000 -0.104700 0.000000 1.000000 0.000000 0.000000 1.000000 0.000000 0.000000 0.000000 -1.000000 -0.087100 0.000000 -0.996200 -0.060000 -0.002200 -0.998196 0.000000 0.000000 -1.000000 0.000000 -1.000000 0.000000 0.000000 -1.000000 0.000000 0.000000 -1.000000 0.000000 0.000000 -1.000000 0.000000 0.000000 0.000000 -1.000000 -0.030101 -0.001300 -0.999546 -0.210401 -0.004100 -0.977606 -0.376296 -0.004400 -0.926489 -0.375301 -0.001600 -0.926902 -0.375301 -0.001600 -0.926902 -0.651096 0.000000 -0.758995 -0.651096 0.000000 -0.758995 -0.374182 0.001200 -0.927355 0.000000 -1.000000 0.000000 0.000000 -1.000000 0.000000 0.000000 -1.000000 0.000000 0.000000 -1.000000 0.000000 0.000000 1.000000 0.000000 0.000000 1.000000 0.000000 0.000000 0.000000 -1.000000 -0.412801 0.910701 -0.014800 -0.744571 0.667074 -0.024999 0.000000 1.000000 0.000000 0.000000 1.000000 0.000000 0.000000 1.000000 0.000000 0.000000 1.000000 0.000000 -0.374182 0.001200 -0.927355 -0.027401 0.001100 -0.999624 -0.000300 -1.000000 0.000000 -0.000200 -1.000000 0.000000 -0.000200 -1.000000 0.000000 -0.000300 -1.000000 0.000000 0.000000 -1.000000 0.000000 0.000000 -1.000000 0.000000 0.000000 -1.000000 0.000000 0.000000 -1.000000 0.000000 0.000000 0.000000 1.000000 0.000000 0.000000 1.000000 0.000000 0.000000 1.000000 -0.025401 0.075203 0.996845 0.000600 -1.000000 0.000200 0.000600 -1.000000 0.000500 0.000600 -1.000000 0.000500 0.000600 -1.000000 0.000200 0.000000 1.000000 0.000000 0.000000 1.000000 0.000000 
						0.000000 1.000000 0.000000 0.071801 0.000300 0.997419 0.071901 0.000300 0.997412 0.000000 0.000000 1.000000 0.000000 0.000000 1.000000 0.995648 0.000300 0.093195 0.995657 0.000300 0.093096 0.000000 1.000000 0.000000 0.000000 1.000000 0.000000 0.000000 1.000000 0.000000 0.000000 1.000000 0.000000 -1.000000 0.000000 0.000000 -1.000000 0.000000 0.000000 -1.000000 0.000000 0.000000 -1.000000 0.000000 0.000000 0.000000 -1.000000 0.000000 0.000000 -1.000000 0.000000 0.000000 -1.000000 0.000000 0.000000 -1.000000 0.000000 0.000300 -1.000000 0.000000 0.000600 -1.000000 0.000200 0.000600 -1.000000 0.000200 0.000300 -1.000000 0.000000 0.000000 1.000000 -0.000300 -0.000200 1.000000 -0.000600 -0.000200 1.000000 -0.000600 0.000000 1.000000 -0.000300 0.000000 -1.000000 0.000000 0.000000 -1.000000 0.000000 0.000000 -1.000000 0.000300 -0.000200 -1.000000 0.000500 -0.000200 -1.000000 0.000500 0.000000 -1.000000 0.000300 0.279301 0.000100 0.960204 0.000000 0.000000 -1.000000 0.000000 0.000000 -1.000000 0.000000 0.000000 -1.000000 0.000000 0.000000 -1.000000 0.000000 0.000000 -1.000000 0.000000 0.000000 -1.000000 0.000000 0.000000 -1.000000 0.000000 0.000000 -1.000000 0.000000 0.000000 -1.000000 0.000000 0.000000 -1.000000 0.000000 0.000000 -1.000000 0.000000 0.000000 -1.000000 0.000000 0.000000 -1.000000 0.000000 0.000000 -1.000000 0.000000 0.000000 -1.000000 0.000000 0.000000 -1.000000 0.000000 0.000000 -1.000000 0.000000 0.000000 -1.000000 0.000000 -1.000000 0.000000 0.000000 -1.000000 0.000000 -0.048900 0.000000 -0.998804 -0.097999 0.000000 -0.995187 -0.382690 0.000000 -0.923877 -0.382690 0.000000 -0.923877 -0.707107 0.000000 -0.707107 -0.707107 0.000000 -0.707107 -0.923877 0.000000 -0.382690 -0.923877 0.000000 -0.382690 -0.995187 0.000000 -0.097999 -0.995187 0.000000 -0.097999 
						0.000000 1.000000 0.000000 -1.000000 0.000000 0.000000 -0.995187 0.000000 -0.097999 -0.995187 0.000000 -0.097999 -1.000000 0.000000 0.000000 0.000000 0.000000 -1.000000 0.000000 1.000000 0.000000 0.000000 1.000000 0.000000 -1.000000 0.000000 0.000000 -1.000000 0.000000 0.000000 -1.000000 0.000000 0.000000 -1.000000 0.000000 0.000000 -1.000000 0.000000 0.000000 -1.000000 0.000000 0.000000 1.000000 0.000100 0.000000 0.999782 0.000100 -0.020900 0.999782 0.000100 -0.020900 1.000000 0.000100 0.000000 -1.000000 0.000000 0.000000 -0.994504 0.000000 -0.104700 -0.994504 0.000000 -0.104700 -1.000000 0.000000 0.000000 -0.072498 0.000300 0.997369 -0.072597 0.000300 0.997361 -0.279604 0.000700 0.960115 -0.279485 0.000700 0.960150 -0.541990 0.000700 0.840385 -0.541990 0.000700 0.840385 -0.775434 0.000700 0.631428 -0.775474 0.000700 0.631379 -0.938493 0.000700 0.345297 -0.938570 0.000700 0.345089 -0.995731 0.000300 0.092303 -0.995740 0.000300 0.092204 -1.000000 0.000000 0.000000 -1.000000 0.000000 0.000000 0.000000 0.000000 1.000000 0.000000 0.000000 1.000000 -0.000200 1.000000 -0.000600 -0.000400 1.000000 -0.000600 -0.000400 1.000000 -0.000600 -0.000200 1.000000 -0.000600 0.538582 0.000700 0.842572 0.277203 0.000700 0.960811 0.277111 0.000700 0.960838 0.538511 0.000700 0.842618 0.000000 -0.000600 1.000000 0.000000 -0.000600 1.000000 0.000000 -0.000600 1.000000 0.000000 -0.000600 1.000000 0.000000 0.000000 -1.000000 0.000000 0.000000 -1.000000 0.000000 0.000000 -1.000000 0.000000 0.000000 -1.000000 0.772686 0.000700 0.634788 0.772686 0.000700 0.634788 0.937495 0.000800 0.347998 0.937527 0.000800 0.347910 0.000000 -1.000000 0.000000 -0.000200 -1.000000 0.000500 -0.000400 -1.000000 0.000600 -0.000400 -1.000000 0.000600 -0.000200 -1.000000 0.000500 -0.000100 1.000000 0.000000 
						0.000000 1.000000 0.000000 0.000000 1.000000 0.000000 -0.000100 1.000000 0.000000 0.074104 0.000300 0.997250 0.074096 0.000300 0.997251 0.278206 0.000700 0.960521 0.278298 0.000700 0.960494 0.278298 0.000700 0.960494 0.278206 0.000700 0.960521 0.537225 0.000700 0.843439 0.537225 0.000700 0.843439 0.537225 0.000700 0.843439 0.537225 0.000700 0.843439 0.773409 0.000700 0.633907 0.773409 0.000700 0.633907 0.773409 0.000700 0.633907 0.773409 0.000700 0.633907 0.937009 0.000800 0.349303 0.936977 0.000800 0.349391 0.936977 0.000800 0.349391 0.937009 0.000800 0.349303 0.995420 0.000300 0.095602 0.995410 0.000300 0.095701 -0.995496 0.000300 0.094800 -0.995487 0.000300 0.094899 -1.000000 0.000000 -0.000700 -1.000000 0.000000 -0.000700 0.000300 0.000000 1.000000 0.000300 0.000000 1.000000 -0.074899 0.000300 0.997191 -0.074800 0.000300 0.997198 -0.937979 0.000700 0.346692 -0.937946 0.000700 0.346780 -0.995487 0.000300 0.094899 -0.995496 0.000300 0.094800 -0.776193 0.000700 0.630495 -0.776105 0.000700 0.630604 -0.937946 0.000700 0.346780 -0.937979 0.000700 0.346692 -0.540591 0.000700 0.841285 -0.540591 0.000700 0.841285 -0.776105 0.000700 0.630604 -0.776193 0.000700 0.630495 -0.280514 0.000700 0.959850 -0.280607 0.000700 0.959823 -0.540591 0.000700 0.841285 -0.540591 0.000700 0.841285 -0.074800 0.000300 0.997198 -0.074899 0.000300 0.997191 -0.280607 0.000700 0.959823 -0.280514 0.000700 0.959850 1.000000 0.000000 -0.000400 1.000000 0.000000 0.000000 1.000000 0.000000 0.000000 1.000000 0.000000 -0.000400 0.995420 0.000300 0.095602 0.995410 0.000300 0.095701 -0.000300 0.000000 1.000000 0.074096 0.000300 0.997251 0.074104 0.000300 0.997250 -0.000300 0.000000 1.000000 0.000100 0.000000 1.000000 0.000000 0.000000 1.000000 0.000000 0.000000 1.000000 
						0.000100 0.000000 1.000000 -0.000600 1.000000 -0.000500 -0.000600 1.000000 -0.000200 -0.000600 1.000000 -0.000200 -0.000600 1.000000 -0.000500 0.000200 -1.000000 0.000600 0.000000 -1.000000 0.000300 0.000000 -1.000000 0.000300 0.000200 -1.000000 0.000600 0.000000 -1.000000 0.000000 0.000100 -1.000000 0.000000 0.000100 -1.000000 0.000000 0.000000 -1.000000 0.000000 0.000400 1.000000 -0.000600 0.000200 1.000000 -0.000500 0.000200 1.000000 -0.000500 0.000400 1.000000 -0.000600 -0.000300 1.000000 0.000000 -0.000300 1.000000 0.000000 0.000300 -1.000000 0.000000 0.000300 -1.000000 0.000000 0.000600 1.000000 -0.000500 0.000400 1.000000 -0.000600 0.000400 1.000000 -0.000600 0.000600 1.000000 -0.000500 -0.000600 1.000000 -0.000200 -0.000300 1.000000 0.000000 -0.000300 1.000000 0.000000 -0.000600 1.000000 -0.000200 0.000000 -1.000000 0.000100 0.000000 -1.000000 0.000300 0.000000 -1.000000 0.000300 0.000000 -1.000000 0.000100 0.000600 1.000000 -0.000200 0.000600 1.000000 -0.000500 0.000600 1.000000 -0.000500 0.000600 1.000000 -0.000200 0.000000 1.000000 -0.000100 0.000000 1.000000 -0.000300 0.000000 1.000000 -0.000300 0.000000 1.000000 -0.000100 0.000300 1.000000 0.000000 0.000600 1.000000 -0.000200 0.000600 1.000000 -0.000200 0.000300 1.000000 0.000000 -0.000600 -1.000000 0.000200 -0.000300 -1.000000 0.000000 -0.000300 -1.000000 0.000000 -0.000600 -1.000000 0.000200 -0.000600 -1.000000 0.000500 -0.000600 -1.000000 0.000200 -0.000600 -1.000000 0.000200 -0.000600 -1.000000 0.000500 -0.000400 -1.000000 0.000600 -0.000600 -1.000000 0.000500 -0.000600 -1.000000 0.000500 -0.000400 -1.000000 0.000600 0.000100 1.000000 0.000000 0.000300 1.000000 0.000000 0.000300 1.000000 0.000000 0.000100 1.000000 0.000000 0.000000 -1.000000 0.000100 0.000000 -1.000000 0.000100 0.000000 0.000000 1.000000 
						-0.051901 0.057101 0.997018 0.000000 0.000000 1.000000 0.000000 -1.000000 0.000000 0.000000 -1.000000 0.000000 0.000000 0.000000 1.000000 0.000000 0.000000 1.000000 0.000000 0.000000 1.000000 0.000000 0.000000 1.000000 0.000000 -1.000000 0.000000 0.000000 -1.000000 0.000000 0.000000 1.000000 -0.000100 0.000000 1.000000 -0.000100 0.000000 0.000000 1.000000 -0.000300 0.000000 1.000000 -0.000300 0.000000 1.000000 -0.651096 0.000000 -0.758995 -0.651096 0.000000 -0.758995 -0.376296 -0.004400 -0.926489 -0.651096 0.000000 -0.758995 -0.651096 0.000000 -0.758995 -0.651096 0.000000 -0.758995 -0.651096 0.000000 -0.758995 -0.651096 0.000000 -0.758995 -0.651096 0.000000 -0.758995 -0.651096 0.000000 -0.758995 0.000000 -1.000000 0.000000 0.000000 -1.000000 0.000000 0.000000 -1.000000 0.000000 0.000000 -1.000000 0.000000 -0.758995 0.000000 0.651096 -0.758995 0.000000 0.651096 -0.758995 0.000000 0.651096 -0.758995 0.000000 0.651096 0.758995 0.000000 -0.651096 0.758995 0.000000 -0.651096 0.758995 0.000000 -0.651096 0.758995 0.000000 -0.651096 0.000000 -1.000000 0.000000 0.000000 -1.000000 0.000000 0.000000 0.000000 -1.000000 0.000000 -1.000000 0.000000 0.000000 -1.000000 0.000000 0.000000 -1.000000 0.000000 0.000000 -1.000000 0.000000 -0.190497 -0.002100 -0.981685 -0.187493 -0.002100 -0.982264 -0.371094 -0.004200 -0.928586 -0.371094 -0.004200 -0.928586 -0.918890 -0.003700 -0.394496 -0.918890 -0.003700 -0.394496 -0.979712 -0.001900 -0.200402 -0.979321 -0.001900 -0.202304 -0.188899 0.000100 -0.981996 -0.189092 0.000100 -0.981959 -0.371098 0.000200 -0.928594 -0.371098 0.000200 -0.928594 -0.918896 0.000200 -0.394498 -0.918896 0.000200 -0.394498 -0.979509 0.000100 -0.201402 -0.979528 0.000100 -0.201306 0.000000 -1.000000 0.000000 0.000000 -1.000000 0.000000 0.000000 -1.000000 0.000000 0.000000 -1.000000 0.000000 
						0.000000 -1.000000 0.000000 0.000000 -1.000000 0.000000 0.000000 -1.000000 0.000000 0.000000 -1.000000 0.000000 0.000000 -1.000000 0.000000 0.000000 -1.000000 0.000000 0.000000 -1.000000 0.000000 0.000000 -1.000000 0.000000 0.000000 -1.000000 0.000000 0.000000 -1.000000 0.000000 -0.979712 -0.001900 -0.200402 -1.000000 0.000000 0.000000 -1.000000 0.000000 0.000000 -0.979321 -0.001900 -0.202304 0.000000 0.000000 -1.000000 0.000000 0.000000 -1.000000 -0.187493 -0.002100 -0.982264 -0.190497 -0.002100 -0.981685 -1.000000 0.000000 0.000000 -1.000000 0.000000 0.000000 0.000000 -1.000000 0.000000 0.000000 -1.000000 0.000000 0.000000 -1.000000 0.000000 0.000000 -1.000000 0.000000 0.000000 -1.000000 0.000000 0.000000 -1.000000 0.000000 0.000000 -1.000000 0.000000 0.000000 -1.000000 0.000000 0.000000 1.000000 -0.000300 0.000000 1.000000 -0.000100 0.000000 1.000000 -0.000100 0.000000 1.000000 -0.000300 0.000000 -1.000000 0.000100 0.000000 -1.000000 0.000100 0.000300 0.000000 1.000000 0.000000 1.000000 0.000000 -0.001000 0.998088 0.061799 0.000000 0.000000 1.000000 -0.001300 0.103503 0.994628 -0.003400 0.385706 0.922615 -0.003600 0.681662 0.731659 -0.003300 0.870945 0.491369 -0.002800 0.969417 0.245404 0.000000 -1.000000 0.000000 0.000000 -1.000000 0.000000 0.000000 -1.000000 0.000000 0.000000 -1.000000 0.000000 0.992713 0.120502 -0.000400 1.000000 0.000000 0.000000 0.000000 -1.000000 0.000000 0.000000 -1.000000 0.000000 0.000000 -1.000000 0.000000 -0.084997 0.122195 -0.988860 -0.280509 0.139704 -0.949630 -0.268199 0.373299 -0.888097 -0.098304 0.387916 -0.916437 -0.228011 0.629331 -0.742936 -0.088505 0.664038 -0.742442 -0.205594 0.860574 -0.465986 -0.080399 0.870089 -0.486294 -0.280509 0.139704 -0.949630 -0.527916 0.127804 -0.839625 -0.491214 0.331909 -0.805323 -0.268199 0.373299 -0.888097 
						-0.415386 0.574981 -0.704877 -0.228011 0.629331 -0.742936 -0.380884 0.818666 -0.429782 -0.070699 0.994380 -0.078798 -0.083696 0.963658 -0.253689 -0.220894 0.942475 -0.250893 -0.226001 0.969706 -0.092701 -0.424305 0.873709 -0.237903 -0.445014 0.890928 -0.090603 -0.698497 0.662397 -0.270799 -0.703865 0.702366 -0.106095 -0.645170 0.592672 -0.482177 -0.984815 0.137102 -0.106502 -0.896527 0.426313 -0.120404 -0.852900 0.406900 -0.327100 -0.926716 0.150503 -0.344306 -0.743479 0.348490 -0.570784 -0.777504 0.132301 -0.614804 -0.777504 0.132301 -0.614804 -0.743479 0.348490 -0.570784 -0.645170 0.592672 -0.482177 0.000000 -1.000000 0.000000 0.000000 -1.000000 0.000000 0.000000 -1.000000 0.000000 0.000000 -1.000000 0.000000 0.000000 -1.000000 0.000000 0.000000 -1.000000 0.000000 0.000000 -1.000000 0.000000 0.000000 -1.000000 0.000000 0.000000 -1.000000 0.000000 0.000000 -1.000000 0.000000 0.000000 -1.000000 0.000000 0.000000 -1.000000 0.000000 0.000000 -1.000000 0.000000 0.000000 -1.000000 0.000000 0.000000 -1.000000 0.000000 0.000000 -1.000000 0.000000 0.000000 -1.000000 0.000000 0.000000 -1.000000 0.000000 0.000000 -1.000000 0.000000 0.000000 -1.000000 0.000000 0.000200 1.000000 0.000500 0.000200 1.000000 0.000500 0.000000 1.000000 0.000300 0.000000 1.000000 0.000300 0.000000 -1.000000 -0.000300 0.000000 -1.000000 -0.000300 0.000000 -1.000000 -0.000100 0.000000 -1.000000 -0.000100 0.000400 -1.000000 -0.000600 0.000400 -1.000000 -0.000600 0.000200 -1.000000 -0.000600 0.000200 -1.000000 -0.000600 -0.000400 1.000000 0.000600 -0.000400 1.000000 0.000600 -0.000600 1.000000 0.000500 -0.000600 1.000000 0.000500 0.000600 -1.000000 -0.000500 0.000600 -1.000000 -0.000500 0.000400 -1.000000 -0.000600 0.000400 -1.000000 -0.000600 0.070003 0.001100 -0.997546 0.282305 0.003700 -0.959318 0.284005 0.003700 -0.958816 
						0.071297 0.001100 -0.997455 0.282305 0.003700 -0.959318 0.553998 0.005900 -0.832497 0.554598 0.005900 -0.832097 0.284005 0.003700 -0.958816 0.553998 0.005900 -0.832497 0.788502 0.006200 -0.615001 0.788108 0.006200 -0.615506 0.554598 0.005900 -0.832097 0.788502 0.006200 -0.615001 0.948614 0.004300 -0.316405 0.947952 0.004300 -0.318384 0.788108 0.006200 -0.615506 0.948614 0.004300 -0.316405 0.998491 0.001300 -0.054900 0.998390 0.001400 -0.056699 0.947952 0.004300 -0.318384 -0.070202 0.001000 -0.997532 -0.278508 0.003500 -0.960427 -0.276806 0.003500 -0.960919 -0.068902 0.001000 -0.997623 -0.278508 0.003500 -0.960427 -0.543194 0.005400 -0.839590 -0.542588 0.005400 -0.839982 -0.276806 0.003500 -0.960919 -0.543194 0.005400 -0.839590 -0.774524 0.005600 -0.632520 -0.774840 0.005600 -0.632133 -0.542588 0.005400 -0.839982 -0.774524 0.005600 -0.632520 -0.939107 0.003800 -0.343603 -0.939725 0.003800 -0.341909 -0.774840 0.005600 -0.632133 -0.939107 0.003800 -0.343603 -0.996013 0.001200 -0.089201 -0.996146 0.001200 -0.087704 -0.939725 0.003800 -0.341909 0.000000 -1.000000 0.000000 0.000000 -1.000000 0.000000 0.000000 -1.000000 0.000000 0.000000 -1.000000 0.000000 0.000000 -1.000000 0.000000 0.000000 -1.000000 0.000000 0.000000 -1.000000 0.000000 0.000000 -1.000000 0.000000 0.000000 -1.000000 0.000000 0.000000 -1.000000 0.000000 0.000000 -1.000000 0.000000 0.000000 -1.000000 0.000000 0.000000 -1.000000 0.000000 0.000000 -1.000000 0.000000 0.000000 -1.000000 0.000000 0.000000 -1.000000 0.000000 0.000000 -1.000000 0.000000 0.000000 -1.000000 0.000000 0.000000 -1.000000 0.000000 0.000000 -1.000000 0.000000 -0.001100 0.997981 -0.063499 -0.003100 0.969135 -0.246509 -0.003800 0.871206 -0.490903 -0.004200 0.680986 -0.732285 -0.088505 0.664038 -0.742442 -0.004000 0.387401 -0.921903 -0.098304 0.387916 -0.916437 
						-0.001600 0.106402 -0.994322 -0.084997 0.122195 -0.988860 0.537600 0.000100 -0.843200 0.525907 0.126302 -0.841112 0.775397 0.134899 -0.616897 0.773636 0.000100 -0.633630 0.773636 0.000100 -0.633630 0.775397 0.134899 -0.616897 0.924922 0.153004 -0.348008 0.936522 0.000100 -0.350608 -0.056699 0.998391 -0.000400 -0.220402 0.975408 -0.001200 -0.219693 0.975568 -0.001200 -0.055398 0.998464 -0.000400 -0.447493 0.894286 -0.001500 -0.448013 0.894026 -0.001500 -0.691896 0.721996 -0.001700 -0.691333 0.722534 -0.001700 -0.904393 0.426697 -0.001700 -0.905250 0.424876 -0.001700 -0.992713 0.120502 -0.000700 -0.993013 0.118002 -0.000700 -0.075901 0.000100 -0.997115 -0.281609 0.000300 -0.959529 -0.281609 0.000300 -0.959529 -0.541010 0.000400 -0.841016 -0.776331 0.000400 -0.630325 -0.776331 0.000400 -0.630325 -0.937528 0.000400 -0.347910 -0.995333 0.000200 -0.096503 0.279301 0.000100 -0.960204 0.277291 0.137695 -0.950868 0.995245 0.000000 -0.097404 0.984604 0.137601 -0.107800 -1.000000 0.000000 0.000000 -1.000000 0.000000 0.000000 0.000000 -1.000000 0.000000 0.000000 -1.000000 0.000000 0.000000 -1.000000 0.000000 0.000000 -1.000000 0.000000 0.000000 0.000000 -1.000000 -0.075901 0.000100 -0.997115 0.000000 -1.000000 0.000000 0.000000 -1.000000 0.000000 0.000000 -1.000000 0.000000 0.000000 -1.000000 0.000000 0.000000 -1.000000 0.000000 0.000000 -1.000000 0.000000 0.000000 -1.000000 0.000000 0.000000 -1.000000 0.000000 -1.000000 0.000000 0.000000 -1.000000 0.000000 0.000000 -1.000000 0.000000 0.000000 -1.000000 0.000000 0.000000 0.000000 0.000000 -1.000000 -0.070202 0.001000 -0.997532 -0.068902 0.001000 -0.997623 0.000000 0.000000 -1.000000 0.999782 0.000100 0.020900 0.998390 0.001400 -0.056699 0.998491 0.001300 -0.054900 0.999782 0.000100 0.020900 0.000000 0.000000 -1.000000 0.000000 0.000000 -1.000000 
						0.000000 0.000000 -1.000000 0.000000 0.000000 -1.000000 0.000000 1.000000 0.000000 0.000000 1.000000 0.000000 0.000000 1.000000 0.000000 0.000000 1.000000 0.000000 0.075297 0.000000 -0.997161 0.000000 0.000000 -1.000000 0.000600 0.107599 -0.994194 0.083501 0.122802 -0.988912 0.984604 0.137601 -0.107800 0.995245 0.000000 -0.097404 0.000000 -1.000000 0.000000 0.000000 -1.000000 0.000000 0.000000 -1.000000 0.000000 0.000000 -1.000000 0.000000 0.071297 0.001100 -0.997455 0.000000 0.000000 -1.000000 0.000000 0.000000 -1.000000 0.070003 0.001100 -0.997546 1.000000 0.000000 0.000000 1.000000 0.000000 0.000000 1.000000 0.000000 0.000000 1.000000 0.000000 0.000000 -0.996013 0.001200 -0.089201 -0.996146 0.001200 -0.087704 0.000000 -1.000000 0.000000 0.000000 -1.000000 0.000000 -0.995333 0.000200 -0.096503 -1.000000 0.000000 0.000000 -0.992713 0.120502 -0.000700 -0.984815 0.137102 -0.106502 -0.896527 0.426313 -0.120404 -0.904393 0.426697 -0.001700 -0.703865 0.702366 -0.106095 -0.691896 0.721996 -0.001700 -0.447493 0.894286 -0.001500 -0.220402 0.975408 -0.001200 -0.056699 0.998391 -0.000400 0.096496 0.389485 -0.915964 0.264701 0.375301 -0.888303 0.277291 0.137695 -0.950868 0.264701 0.375301 -0.888303 0.489620 0.334714 -0.805133 0.742508 0.347404 -0.572706 0.087000 0.663500 -0.743100 0.224191 0.630074 -0.743469 0.224191 0.630074 -0.743469 0.412787 0.576482 -0.705178 0.643984 0.592486 -0.483988 0.851826 0.406312 -0.330610 0.896793 0.425697 -0.120599 0.697343 0.662041 -0.274617 0.703069 0.703268 -0.105395 0.421293 0.875385 -0.237096 0.443292 0.891685 -0.091598 0.742508 0.347404 -0.572706 0.643984 0.592486 -0.483988 0.379597 0.818994 -0.430297 0.070100 0.994399 -0.079100 0.226494 0.969476 -0.093898 0.221299 0.942697 -0.249699 0.081303 0.964041 -0.253011 0.205604 0.859418 -0.468110 
						0.077800 0.869704 -0.487402 0.205604 0.859418 -0.468110 0.056699 0.998391 -0.000300 0.220402 0.975409 -0.000700 0.226494 0.969476 -0.093898 0.447493 0.894287 -0.000900 0.443292 0.891685 -0.091598 0.691896 0.721996 -0.001000 0.703069 0.703268 -0.105395 0.904394 0.426697 -0.001000 0.896793 0.425697 -0.120599 0.000000 1.000000 0.000000 0.000000 1.000000 0.000000 -0.064999 0.997885 0.001000 0.000000 1.000000 0.000000 0.000000 1.000000 0.000000 0.001100 0.969038 -0.246910 0.000400 0.997930 -0.064302 0.001400 0.871388 -0.490593 0.001600 0.680784 -0.732483 0.001500 0.388517 -0.921440 -0.083498 0.964873 -0.249093 -0.310089 0.916566 -0.252491 -0.319507 0.945219 -0.066901 -0.086300 0.994205 -0.064100 -0.593710 0.768613 -0.238204 -0.610485 0.789281 -0.065898 -0.790947 0.575334 -0.208312 -0.813029 0.580020 -0.050602 -0.077001 0.864209 -0.497205 -0.283000 0.815900 -0.504200 -0.543916 0.687520 -0.481114 -0.732959 0.522871 -0.435176 -0.059000 0.673306 -0.737006 -0.220098 0.628294 -0.746193 -0.429695 0.530794 -0.730492 -0.594576 0.413983 -0.689273 -0.030999 0.382889 -0.923274 -0.123897 0.352491 -0.927577 -0.248492 0.296090 -0.922270 -0.347299 0.233199 -0.908296 -0.006500 0.106905 -0.994248 -0.032100 0.095699 -0.994893 -0.066502 0.078102 -0.994725 -0.091600 0.059700 -0.994005 -0.320304 0.947312 -0.002500 -0.086099 0.996286 -0.000700 -0.613491 0.789688 -0.004700 -0.820489 0.571592 0.009000 0.001400 0.871388 -0.490593 0.001500 0.388517 -0.921440 0.000600 0.107599 -0.994194 0.001600 0.680784 -0.732483 -0.369425 0.890460 -0.265718 -0.100106 0.962058 -0.253815 -0.126398 0.989983 -0.062899 -0.413015 0.908732 -0.060202 -0.289309 0.802826 -0.521317 -0.068901 0.861414 -0.503208 -0.204099 0.621698 -0.756198 -0.047098 0.675373 -0.735971 -0.104100 0.327500 -0.939099 -0.024800 0.378403 -0.925308 -0.025401 0.075203 -0.996845 
						-0.007100 0.088703 -0.996033 0.000000 0.000000 -1.000000 0.000000 0.000000 -1.000000 0.000000 0.000000 -1.000000 0.000000 0.000000 -1.000000 0.000000 0.000000 1.000000 0.000000 0.000000 1.000000 0.000000 0.000000 1.000000 0.000000 0.000000 1.000000 -0.032100 0.095699 -0.994893 0.000000 0.000000 -1.000000 0.000000 0.000000 -1.000000 -0.066502 0.078102 -0.994725 -0.091600 0.059700 -0.994005 -0.000800 0.100504 -0.994936 -0.002200 0.386495 -0.922289 -0.238895 0.247095 -0.939081 -0.051901 0.057101 -0.997018 -0.740983 0.669884 -0.046899 -0.713127 0.660825 -0.234009 -0.001300 0.969574 -0.244794 -0.000500 0.998150 -0.060803 -0.064999 0.997885 0.001000 0.000000 1.000000 0.000000 -0.484827 0.472426 -0.736041 -0.002100 0.684814 -0.728715 -0.634334 0.605332 -0.480826 -0.001600 0.870772 -0.491684 0.000000 1.000000 0.000000 0.000000 1.000000 0.000000 0.000000 1.000000 0.000000 0.000000 1.000000 0.000000 0.000000 1.000000 0.000000 0.000000 1.000000 0.000000 0.000000 1.000000 0.000000 -0.060000 -0.002200 0.998196 -0.210401 -0.004100 0.977606 -0.347998 0.000000 0.937495 -0.087100 0.000000 0.996200 -0.669401 0.000000 0.742901 -0.669401 0.000000 0.742901 -0.910633 0.000000 0.413215 -0.910633 0.000000 0.413215 -0.994504 0.000000 0.104700 -0.994504 0.000000 0.104700 0.000000 0.000000 1.000000 0.000000 0.000000 1.000000 -0.060000 -0.002200 0.998196 -0.087100 0.000000 0.996200 0.000000 -1.000000 0.000000 0.000000 -1.000000 0.000000 0.000000 0.000000 1.000000 -0.030101 -0.001300 0.999546 -0.210401 -0.004100 0.977606 -0.375301 -0.001600 0.926902 -0.376296 -0.004400 0.926489 -0.375301 -0.001600 0.926902 -0.374182 0.001200 0.927355 -0.651096 0.000000 0.758995 -0.651096 0.000000 0.758995 0.000000 -1.000000 0.000000 0.000000 -1.000000 0.000000 0.000000 -1.000000 0.000000 0.000000 -1.000000 0.000000 
						0.000000 1.000000 0.000000 0.000000 0.000000 1.000000 -0.412801 0.910701 0.014800 -0.744571 0.667074 0.024999 0.000000 1.000000 0.000000 0.000000 1.000000 0.000000 0.000000 1.000000 0.000000 0.000000 1.000000 0.000000 -0.027401 0.001100 0.999624 -0.374182 0.001200 0.927355 -0.000300 -1.000000 0.000000 -0.000300 -1.000000 0.000000 -0.000200 -1.000000 0.000000 -0.000200 -1.000000 0.000000 0.000000 -1.000000 0.000000 0.000000 -1.000000 0.000000 0.000000 -1.000000 0.000000 0.000000 -1.000000 0.000000 0.000000 0.000000 -1.000000 -0.025401 0.075203 -0.996845 0.000000 0.000000 -1.000000 0.000000 0.000000 -1.000000 0.000600 -1.000000 -0.000200 0.000600 -1.000000 -0.000200 0.000600 -1.000000 -0.000500 0.000600 -1.000000 -0.000500 0.000000 1.000000 0.000000 0.000000 1.000000 0.000000 0.000000 1.000000 0.000000 0.071801 0.000300 -0.997419 0.000000 0.000000 -1.000000 0.000000 0.000000 -1.000000 0.071901 0.000300 -0.997412 0.995657 0.000300 -0.093096 0.995648 0.000300 -0.093195 0.000000 1.000000 0.000000 0.000000 1.000000 0.000000 0.000000 1.000000 0.000000 0.000000 1.000000 0.000000 -1.000000 0.000000 0.000000 -1.000000 0.000000 0.000000 -1.000000 0.000000 0.000000 -1.000000 0.000000 0.000000 0.000000 -1.000000 0.000000 0.000000 -1.000000 0.000000 0.000000 -1.000000 0.000000 0.000000 -1.000000 0.000000 0.000300 -1.000000 0.000000 0.000300 -1.000000 0.000000 0.000600 -1.000000 -0.000200 0.000600 -1.000000 -0.000200 0.000000 1.000000 0.000300 0.000000 1.000000 0.000300 -0.000200 1.000000 0.000600 -0.000200 1.000000 0.000600 0.000000 -1.000000 0.000000 0.000000 -1.000000 0.000000 0.000000 -1.000000 -0.000300 0.000000 -1.000000 -0.000300 -0.000200 -1.000000 -0.000500 -0.000200 -1.000000 -0.000500 0.279301 0.000100 -0.960204 0.000000 0.000000 1.000000 0.000000 0.000000 1.000000 
						0.000000 0.000000 1.000000 0.000000 0.000000 1.000000 0.000000 0.000000 1.000000 0.000000 0.000000 1.000000 0.000000 0.000000 1.000000 0.000000 0.000000 1.000000 0.000000 0.000000 1.000000 0.000000 0.000000 1.000000 0.000000 0.000000 1.000000 0.000000 0.000000 1.000000 0.000000 0.000000 1.000000 0.000000 0.000000 1.000000 0.000000 0.000000 1.000000 0.000000 0.000000 1.000000 0.000000 0.000000 1.000000 0.000000 0.000000 1.000000 0.000000 -1.000000 0.000000 0.000000 -1.000000 0.000000 -0.048900 0.000000 0.998804 -0.382690 0.000000 0.923877 -0.382690 0.000000 0.923877 -0.097999 0.000000 0.995187 -0.707107 0.000000 0.707107 -0.707107 0.000000 0.707107 -0.923877 0.000000 0.382690 -0.923877 0.000000 0.382690 -0.995187 0.000000 0.097999 -0.995187 0.000000 0.097999 0.000000 1.000000 0.000000 -0.995187 0.000000 0.097999 -0.995187 0.000000 0.097999 0.000000 0.000000 1.000000 0.000000 1.000000 0.000000 -1.000000 0.000000 0.000000 -1.000000 0.000000 0.000000 -1.000000 0.000000 0.000000 1.000000 0.000100 0.000000 1.000000 0.000100 0.000000 0.999782 0.000100 0.020900 0.999782 0.000100 0.020900 -0.994504 0.000000 0.104700 -0.994504 0.000000 0.104700 -0.072498 0.000300 -0.997369 -0.279485 0.000700 -0.960150 -0.279604 0.000700 -0.960115 -0.072597 0.000300 -0.997361 -0.541990 0.000700 -0.840385 -0.541990 0.000700 -0.840385 -0.775474 0.000700 -0.631379 -0.775434 0.000700 -0.631428 -0.938570 0.000700 -0.345089 -0.938493 0.000700 -0.345297 -0.995740 0.000300 -0.092204 -0.995731 0.000300 -0.092303 -1.000000 0.000000 0.000000 -1.000000 0.000000 0.000000 0.000000 0.000000 -1.000000 0.000000 0.000000 -1.000000 -0.000200 1.000000 0.000600 -0.000200 1.000000 0.000600 -0.000400 1.000000 0.000600 -0.000400 1.000000 0.000600 0.538582 0.000700 -0.842572 0.538511 0.000700 -0.842618 
						0.277111 0.000700 -0.960838 0.277203 0.000700 -0.960811 0.000000 -0.000600 -1.000000 0.000000 -0.000600 -1.000000 0.000000 -0.000600 -1.000000 0.000000 -0.000600 -1.000000 0.000000 0.000000 1.000000 0.000000 0.000000 1.000000 0.000000 0.000000 1.000000 0.000000 0.000000 1.000000 0.772686 0.000700 -0.634788 0.772686 0.000700 -0.634788 0.937495 0.000800 -0.347998 0.937527 0.000800 -0.347910 0.000000 -1.000000 0.000000 -0.000200 -1.000000 -0.000500 -0.000200 -1.000000 -0.000500 -0.000400 -1.000000 -0.000600 -0.000400 -1.000000 -0.000600 -0.000100 1.000000 0.000000 -0.000100 1.000000 0.000000 0.000000 1.000000 0.000000 0.000000 1.000000 0.000000 0.074104 0.000300 -0.997250 0.278298 0.000700 -0.960494 0.278206 0.000700 -0.960521 0.074096 0.000300 -0.997251 0.278298 0.000700 -0.960494 0.537225 0.000700 -0.843439 0.537225 0.000700 -0.843439 0.278206 0.000700 -0.960521 0.537225 0.000700 -0.843439 0.773409 0.000700 -0.633907 0.773409 0.000700 -0.633907 0.537225 0.000700 -0.843439 0.773409 0.000700 -0.633907 0.936977 0.000800 -0.349391 0.937009 0.000800 -0.349303 0.773409 0.000700 -0.633907 0.936977 0.000800 -0.349391 0.995410 0.000300 -0.095701 0.995420 0.000300 -0.095602 0.937009 0.000800 -0.349303 -0.995496 0.000300 -0.094800 -1.000000 0.000000 0.000700 -1.000000 0.000000 0.000700 -0.995487 0.000300 -0.094899 0.000300 0.000000 -1.000000 -0.074800 0.000300 -0.997198 -0.074899 0.000300 -0.997191 0.000300 0.000000 -1.000000 -0.937979 0.000700 -0.346692 -0.995496 0.000300 -0.094800 -0.995487 0.000300 -0.094899 -0.937946 0.000700 -0.346780 -0.776193 0.000700 -0.630495 -0.937979 0.000700 -0.346692 -0.937946 0.000700 -0.346780 -0.776105 0.000700 -0.630604 -0.540591 0.000700 -0.841285 -0.776193 0.000700 -0.630495 -0.776105 0.000700 -0.630604 -0.540591 0.000700 -0.841285 -0.280514 0.000700 -0.959850 
						-0.540591 0.000700 -0.841285 -0.540591 0.000700 -0.841285 -0.280607 0.000700 -0.959823 -0.074800 0.000300 -0.997198 -0.280514 0.000700 -0.959850 -0.280607 0.000700 -0.959823 -0.074899 0.000300 -0.997191 1.000000 0.000000 0.000400 1.000000 0.000000 0.000400 1.000000 0.000000 0.000000 1.000000 0.000000 0.000000 0.995420 0.000300 -0.095602 0.995410 0.000300 -0.095701 -0.000300 0.000000 -1.000000 -0.000300 0.000000 -1.000000 0.074104 0.000300 -0.997250 0.074096 0.000300 -0.997251 0.000100 0.000000 -1.000000 0.000100 0.000000 -1.000000 0.000000 0.000000 -1.000000 0.000000 0.000000 -1.000000 -0.000600 1.000000 0.000500 -0.000600 1.000000 0.000500 -0.000600 1.000000 0.000200 -0.000600 1.000000 0.000200 0.000200 -1.000000 -0.000600 0.000200 -1.000000 -0.000600 0.000000 -1.000000 -0.000300 0.000000 -1.000000 -0.000300 0.000000 -1.000000 0.000000 0.000000 -1.000000 0.000000 0.000100 -1.000000 0.000000 0.000100 -1.000000 0.000000 0.000400 1.000000 0.000600 0.000400 1.000000 0.000600 0.000200 1.000000 0.000500 0.000200 1.000000 0.000500 -0.000300 1.000000 0.000000 -0.000300 1.000000 0.000000 0.000300 -1.000000 0.000000 0.000300 -1.000000 0.000000 0.000600 1.000000 0.000500 0.000600 1.000000 0.000500 0.000400 1.000000 0.000600 0.000400 1.000000 0.000600 -0.000600 1.000000 0.000200 -0.000600 1.000000 0.000200 -0.000300 1.000000 0.000000 -0.000300 1.000000 0.000000 0.000000 -1.000000 -0.000100 0.000000 -1.000000 -0.000100 0.000000 -1.000000 -0.000300 0.000000 -1.000000 -0.000300 0.000600 1.000000 0.000200 0.000600 1.000000 0.000200 0.000600 1.000000 0.000500 0.000600 1.000000 0.000500 0.000000 1.000000 0.000100 0.000000 1.000000 0.000100 0.000000 1.000000 0.000300 0.000000 1.000000 0.000300 0.000300 1.000000 0.000000 0.000300 1.000000 0.000000 0.000600 1.000000 0.000200 
						0.000600 1.000000 0.000200 -0.000600 -1.000000 -0.000200 -0.000600 -1.000000 -0.000200 -0.000300 -1.000000 0.000000 -0.000300 -1.000000 0.000000 -0.000600 -1.000000 -0.000500 -0.000600 -1.000000 -0.000500 -0.000600 -1.000000 -0.000200 -0.000600 -1.000000 -0.000200 -0.000400 -1.000000 -0.000600 -0.000400 -1.000000 -0.000600 -0.000600 -1.000000 -0.000500 -0.000600 -1.000000 -0.000500 0.000100 1.000000 0.000000 0.000100 1.000000 0.000000 0.000300 1.000000 0.000000 0.000300 1.000000 0.000000 0.000000 -1.000000 -0.000100 0.000000 -1.000000 -0.000100 -0.051901 0.057101 -0.997018 0.000000 0.000000 -1.000000 0.000000 0.000000 -1.000000 0.000000 -1.000000 0.000000 0.000000 -1.000000 0.000000 0.000000 0.000000 -1.000000 0.000000 0.000000 -1.000000 0.000000 0.000000 -1.000000 0.000000 0.000000 -1.000000 0.000000 -1.000000 0.000000 0.000000 -1.000000 0.000000 0.000000 1.000000 0.000100 0.000000 1.000000 0.000100 0.000000 0.000000 -1.000000 -0.000300 0.000000 -1.000000 -0.000300 0.000000 -1.000000 -0.651096 0.000000 0.758995 -0.376296 -0.004400 0.926489 -0.651096 0.000000 0.758995 -0.651096 0.000000 0.758995 -0.651096 0.000000 0.758995 -0.651096 0.000000 0.758995 -0.651096 0.000000 0.758995 -0.651096 0.000000 0.758995 -0.651096 0.000000 0.758995 -0.651096 0.000000 0.758995 0.000000 -1.000000 0.000000 0.000000 -1.000000 0.000000 0.000000 -1.000000 0.000000 0.000000 -1.000000 0.000000 -0.758995 0.000000 -0.651096 -0.758995 0.000000 -0.651096 -0.758995 0.000000 -0.651096 -0.758995 0.000000 -0.651096 0.758995 0.000000 0.651096 0.758995 0.000000 0.651096 0.758995 0.000000 0.651096 0.758995 0.000000 0.651096 0.000000 -1.000000 0.000000 0.000000 -1.000000 0.000000 0.000000 0.000000 1.000000 0.000000 -1.000000 0.000000 0.000000 -1.000000 0.000000 0.000000 -1.000000 0.000000 0.000000 -1.000000 0.000000 
						-0.190497 -0.002100 0.981685 -0.371094 -0.004200 0.928586 -0.371094 -0.004200 0.928586 -0.187493 -0.002100 0.982264 -0.918890 -0.003700 0.394496 -0.979321 -0.001900 0.202304 -0.979712 -0.001900 0.200402 -0.918890 -0.003700 0.394496 -0.188899 0.000100 0.981996 -0.371098 0.000200 0.928594 -0.371098 0.000200 0.928594 -0.189092 0.000100 0.981959 -0.918896 0.000200 0.394498 -0.979528 0.000100 0.201306 -0.979509 0.000100 0.201402 -0.918896 0.000200 0.394498 0.000000 -1.000000 0.000000 0.000000 -1.000000 0.000000 0.000000 -1.000000 0.000000 0.000000 -1.000000 0.000000 0.000000 -1.000000 0.000000 0.000000 -1.000000 0.000000 0.000000 -1.000000 0.000000 0.000000 -1.000000 0.000000 0.000000 -1.000000 0.000000 0.000000 -1.000000 0.000000 0.000000 -1.000000 0.000000 0.000000 -1.000000 0.000000 0.000000 -1.000000 0.000000 0.000000 -1.000000 0.000000 -0.979712 -0.001900 0.200402 -0.979321 -0.001900 0.202304 -1.000000 0.000000 0.000000 -1.000000 0.000000 0.000000 0.000000 0.000000 1.000000 -0.190497 -0.002100 0.981685 -0.187493 -0.002100 0.982264 0.000000 0.000000 1.000000 -1.000000 0.000000 0.000000 -1.000000 0.000000 0.000000 0.000000 -1.000000 0.000000 0.000000 -1.000000 0.000000 0.000000 -1.000000 0.000000 0.000000 -1.000000 0.000000 0.000000 -1.000000 0.000000 0.000000 -1.000000 0.000000 0.000000 1.000000 0.000300 0.000000 1.000000 0.000300 0.000000 1.000000 0.000100 0.000000 1.000000 0.000100 0.000000 -1.000000 -0.000100 0.000000 -1.000000 -0.000100 0.000300 0.000000 -1.000000 0.000000 1.000000 0.000000 -0.001000 0.998088 -0.061799 0.000000 0.000000 -1.000000 -0.001300 0.103503 -0.994628 -0.003400 0.385706 -0.922615 -0.003600 0.681662 -0.731659 -0.003300 0.870945 -0.491369 -0.002800 0.969417 -0.245404 -0.130801 0.991409 0.000000 -0.130801 0.991409 0.000000 -0.130801 0.991409 0.000000 
						-0.130801 0.991409 0.000000 
					</float_array>
					<technique_common>
						<accessor count="1601" offset="0" source="#meshId0-normals-array" stride="3">
							<param name="X" type="float" />
							<param name="Y" type="float" />
							<param name="Z" type="float" />
						</accessor>
					</technique_common>
				</source>
				<source id="meshId0-tangents" name="meshId0-tangents">
					<float_array id="meshId0-tangents-array" count="4803"> 
						1.000000 0.000000 -0.000221 1.000000 0.000000 -0.000127 1.000000 0.000000 -0.000125 1.000000 0.000000 -0.000219 -0.120502 0.992713 0.000267 0.000000 1.000000 0.000531 0.000000 1.000000 0.000000 -0.118002 0.993013 0.000000 0.999988 0.000000 0.004909 0.999988 0.000000 0.004921 0.999988 0.000000 0.004904 -0.988169 -0.137494 -0.067947 -0.991968 -0.111855 -0.059059 -0.960610 -0.173281 -0.217261 -0.951944 -0.167224 -0.256591 -0.996006 -0.067816 -0.058077 -0.973468 -0.162450 -0.161153 -0.995415 -0.044728 -0.084544 -0.978560 -0.174771 -0.108979 -0.898304 -0.386781 -0.208447 -0.934201 -0.325888 -0.145140 -0.844587 -0.407612 -0.347168 -0.793677 -0.426121 -0.434164 -0.966220 -0.240392 -0.092906 -0.904425 -0.343949 -0.252415 -0.924597 -0.333765 -0.183633 -0.993366 -0.063003 -0.096204 -0.969471 -0.214607 -0.118619 -0.973468 -0.197310 -0.115880 -0.993755 -0.061864 -0.092860 -0.890797 -0.430013 -0.146868 -0.904220 -0.394741 -0.162992 -0.702373 -0.665874 -0.251562 -0.715456 -0.654345 -0.244860 -0.746995 -0.621855 -0.235147 -0.169997 -0.886017 -0.431364 -0.289217 -0.870668 -0.397857 -0.504456 -0.803703 -0.315573 -0.440596 -0.829896 -0.342268 -0.412126 -0.845626 -0.339218 -0.572996 -0.772046 -0.274991 -0.596476 -0.464897 -0.654284 -0.663611 -0.490142 -0.565138 -0.763273 -0.471714 -0.441474 0.984067 0.000000 0.177797 0.984063 0.000000 0.177819 0.984058 0.000000 0.177850 0.984062 0.000000 0.177828 0.864272 0.000000 0.503024 0.864278 0.000000 0.503015 0.864286 0.000000 0.503000 0.864280 0.000000 0.503010 0.658601 0.000000 0.752492 0.658577 0.000000 0.752513 0.658540 0.000000 0.752545 0.658565 0.000000 0.752524 0.407030 0.000000 0.913415 0.407016 0.000000 0.913421 0.406993 0.000000 0.913431 0.407008 0.000000 0.913425 0.136418 0.000000 0.990651 0.136431 0.000000 0.990649 0.136453 0.000000 0.990647 0.136439 0.000000 0.990648 
						-0.989140 0.000124 -0.146975 -0.989152 -0.000044 -0.146896 -0.989154 -0.000044 -0.146882 -0.989142 0.000124 -0.146964 -0.993137 0.000035 0.116954 -0.993136 0.000012 0.116968 -0.993135 0.000012 0.116970 -0.993137 0.000035 0.116956 -0.584718 0.000253 0.811236 -0.584748 0.000370 0.811215 -0.584753 0.000370 0.811211 -0.584723 0.000253 0.811233 -0.659417 -0.000715 -0.751777 -0.659389 -0.000772 -0.751801 -0.659384 -0.000772 -0.751806 -0.659413 -0.000715 -0.751781 -0.310795 0.000289 0.950477 -0.310788 0.000446 0.950479 -0.310787 0.000446 0.950479 -0.310794 0.000289 0.950477 -0.004714 0.999989 -0.000772 -0.004733 0.999988 -0.000764 -0.005074 0.999984 -0.002356 -0.005061 0.999984 -0.002368 -0.014738 0.999891 0.000480 -0.014728 0.999891 0.000504 -0.013814 0.999902 0.002117 -0.013849 0.999902 0.002129 -0.023439 0.999689 0.008513 -0.023471 0.999688 0.008555 -0.018541 0.999735 0.013670 -0.018524 0.999735 0.013672 -0.023851 0.999505 0.020503 -0.023892 0.999504 0.020524 -0.013283 0.999572 0.026051 -0.013219 0.999573 0.026047 -0.013481 0.999549 0.026834 -0.013542 0.999548 0.026821 -0.003064 0.999567 0.029263 -0.002910 0.999568 0.029254 -0.997526 -0.003723 -0.070198 -0.997617 -0.003744 -0.068897 -0.960920 -0.004380 -0.276790 -0.960428 -0.004365 -0.278492 -0.960430 -0.003713 -0.278495 -0.960922 -0.003703 -0.276793 -0.839998 -0.005020 -0.542566 -0.839606 -0.005029 -0.543172 -0.839607 -0.003548 -0.543182 -0.839999 -0.003540 -0.542576 -0.632157 -0.005276 -0.774823 -0.632544 -0.005278 -0.774507 -0.632541 -0.003622 -0.774518 -0.632154 -0.003619 -0.774834 -0.341926 -0.005201 -0.939713 -0.343619 -0.005197 -0.939095 -0.343617 -0.004338 -0.939100 -0.341924 -0.004302 -0.939718 -0.087709 -0.004956 -0.996134 -0.089206 -0.004994 -0.996001 -0.989785 0.000000 -0.142565 -0.989785 0.000000 -0.142565 -0.989785 0.000000 -0.142565 -0.989785 0.000000 -0.142565 
						-0.909952 0.000000 -0.414714 -0.909954 0.000000 -0.414709 -0.909958 0.000000 -0.414700 -0.909956 0.000000 -0.414705 -0.746142 0.000000 -0.665787 -0.746139 0.000000 -0.665790 -0.746134 0.000000 -0.665796 -0.746137 0.000000 -0.665793 -0.495246 0.000000 -0.868753 -0.495249 0.000000 -0.868751 -0.495253 0.000000 -0.868749 -0.495250 0.000000 -0.868750 -0.171472 0.000000 -0.985189 -0.171436 0.000000 -0.985195 -0.171386 0.000000 -0.985204 -0.171421 0.000000 -0.985198 -0.995981 0.004593 -0.089442 -0.996519 0.017543 -0.081501 -0.996957 0.034924 -0.069697 -0.993302 -0.003248 -0.115505 -0.997133 0.052472 -0.054515 -0.992566 0.028182 -0.118399 -0.997330 0.065677 -0.031926 -0.993823 0.060680 -0.092921 -0.997417 0.071231 -0.009227 -0.724204 0.512239 0.461671 -0.541381 0.519700 0.660922 -0.577800 0.545704 0.606922 -0.764912 0.502668 0.402783 -0.258709 0.912899 0.315729 -0.141995 0.914427 0.379026 -0.274983 0.901367 0.334546 -0.376455 0.883087 0.280069 0.002495 0.000542 -0.999997 0.002448 0.000536 -0.999997 0.002387 0.001768 -0.999996 0.002284 0.001746 -0.999996 0.002059 0.002710 -0.999994 0.002086 0.002721 -0.999994 0.001275 0.003573 -0.999993 0.001317 0.003616 -0.999993 0.000323 0.004688 -0.999989 0.000204 0.004416 -0.999990 -0.000135 0.004795 -0.999988 -0.000108 0.004923 -0.999988 -0.986217 -0.147455 -0.075057 -0.948919 -0.148389 -0.278448 -0.871498 -0.418496 -0.255642 -0.757740 -0.434088 -0.487234 -0.562887 -0.450477 -0.692985 -0.311275 -0.869800 -0.382826 -0.164410 -0.881805 -0.442029 -0.044611 -0.887691 -0.458274 -0.826340 0.509327 0.240310 -0.864801 0.466962 0.184571 -0.138432 0.990372 0.000230 -0.000130 0.999999 0.001328 0.000000 0.004777 -0.999989 0.000000 0.004777 -0.999989 0.004903 0.000000 -0.999988 0.004888 0.000000 -0.999988 0.004886 0.000000 -0.999988 0.004899 0.000000 -0.999988 -0.997424 0.071729 0.000000 
						-0.994541 0.071808 -0.075712 -0.999993 0.000000 -0.003814 -0.999993 0.000000 -0.003768 -0.999993 0.000000 -0.003779 -0.999993 0.000000 -0.003817 1.000000 0.000000 0.000000 1.000000 0.000000 -0.000037 1.000000 0.000000 -0.000072 1.000000 0.000000 -0.000017 0.000000 -0.004915 -0.999988 0.000000 -0.004908 -0.999988 0.000000 -0.004887 -0.999988 0.000000 -0.004889 -0.999988 -0.999992 -0.003874 0.000000 -0.999993 -0.003841 0.000000 -0.997616 -0.003857 -0.068897 -0.997525 -0.003927 -0.070198 0.000682 0.999299 0.037423 0.000683 0.999298 0.037444 -0.003346 0.999303 0.037186 -0.003512 0.999303 0.037161 -0.999993 -0.003820 0.000000 -0.999993 -0.003820 0.000000 -0.999993 -0.003839 0.000000 -0.999993 -0.003838 0.000000 0.002526 0.000000 -0.999997 0.002519 0.000000 -0.999997 0.002516 0.000000 -0.999997 0.002515 0.000000 -0.999997 -0.989516 0.123591 0.074720 -0.990077 0.122779 0.068353 -0.994729 0.102003 -0.010439 -0.993535 0.113524 0.000000 -0.039321 0.914896 0.401770 -0.168118 0.914326 0.368435 -0.001108 0.000000 0.999999 -0.001076 0.000000 0.999999 -0.001057 0.000000 0.999999 -0.001095 0.000000 0.999999 -0.000988 0.999999 -0.001032 -0.001055 0.999999 -0.001029 -0.001053 0.999999 0.000000 -0.000984 0.999999 0.000000 0.000000 1.000000 -0.000158 0.000000 1.000000 -0.000138 0.000000 1.000000 -0.000078 0.000000 1.000000 -0.000091 -0.089206 -0.004867 -0.996001 -0.087709 -0.004855 -0.996134 0.004923 0.000000 -0.999988 0.004918 0.000000 -0.999988 -0.011677 -0.992900 -0.118374 -0.149416 -0.981727 -0.117841 -0.119708 -0.985478 -0.120432 0.000000 -0.992827 -0.119557 -0.439457 -0.890152 -0.120446 -0.423728 -0.897617 -0.121397 -0.710234 -0.693375 -0.121647 -0.716919 -0.686748 -0.120013 -0.888018 -0.444157 -0.118950 -0.968773 -0.218759 -0.116715 -0.993207 -0.056364 -0.101797 -0.952667 0.167795 0.253517 -0.959293 0.196515 0.202829 
						-0.991490 0.118403 0.054106 -0.825181 0.476096 0.303989 -0.911361 0.398454 0.103228 -0.653040 0.565708 0.503501 -0.972763 0.190796 0.131639 -0.994552 0.100837 0.026404 -0.893444 0.406814 0.190422 -0.953599 0.299150 0.034032 -0.764241 0.527087 0.371637 -0.442309 0.855674 0.268674 -0.493620 0.833853 0.247040 -0.709080 0.682082 0.178803 -0.713063 0.679573 0.172401 -0.895348 0.435570 0.092903 -0.906527 0.414207 0.081496 -0.545180 0.810183 0.215364 -0.732332 0.660413 0.165965 -0.921837 0.374173 0.101050 -0.997539 0.069768 0.006960 -0.996528 0.083195 0.003231 -0.975060 0.218316 0.039947 -0.973746 0.223122 0.045122 -0.996080 0.088455 0.001161 -0.978296 0.193092 0.075185 -0.974688 0.222749 0.019152 -0.998373 0.056697 0.006073 -0.973780 0.227490 0.000098 -0.975372 0.220400 -0.008537 -0.895519 0.445020 0.001739 -0.894277 0.447493 -0.004249 -0.707560 0.706637 0.004814 -0.721994 0.691897 -0.001998 -0.429141 0.903233 0.002880 -0.426697 0.904395 -0.000460 -0.999635 0.000000 0.027019 -0.998464 0.055398 0.000000 -1.000000 0.000000 0.000000 -0.722583 0.691284 -0.000000 -0.894087 0.447893 0.000000 -0.424915 0.905233 0.000000 0.004979 0.000000 -0.999988 0.002076 0.000000 -0.999998 0.002302 0.000000 -0.999997 0.004319 -0.000721 -0.999990 -0.999792 0.001709 -0.020301 -0.999476 0.009052 -0.031072 -0.998612 0.027044 -0.045186 -0.997317 0.054694 -0.048655 -0.995734 0.085591 -0.034467 -0.995333 -0.068615 -0.067857 -0.991819 -0.079663 -0.099739 -0.936455 -0.304177 -0.174723 -0.946576 -0.272921 -0.171776 -0.781355 -0.586558 -0.213151 -0.801075 -0.536578 -0.265260 -0.568699 -0.772514 -0.282496 -0.607901 -0.700070 -0.374644 -0.997031 -0.066901 -0.038124 -0.959107 -0.237973 -0.153243 -0.839046 -0.454159 -0.299570 -0.680134 -0.576181 -0.453247 -0.997373 -0.070843 -0.015124 -0.972656 -0.199493 -0.118923 -0.897144 -0.342734 -0.278686 
						-0.796897 -0.417421 -0.436708 -0.997965 -0.063347 -0.007236 -0.985262 -0.154794 -0.072778 -0.958005 -0.215790 -0.188842 -0.915157 -0.295637 -0.274019 -0.999932 -0.010340 -0.005426 -0.996627 -0.078288 -0.024625 -0.997609 -0.024019 -0.064809 -0.966253 -0.246669 -0.074228 -0.988395 -0.085329 -0.125675 -0.934716 -0.315614 -0.163383 -0.778105 -0.603455 -0.174341 -0.557617 -0.803698 -0.207685 -0.999876 0.008928 -0.013005 -0.999932 -0.010068 0.005873 -0.999849 -0.017216 0.002467 -0.999998 0.000231 0.001969 -0.919750 -0.309571 -0.241300 -0.892171 -0.390441 -0.227126 -0.981155 -0.115425 -0.154960 -0.987712 -0.065317 -0.141981 -0.954298 -0.199266 -0.222728 -0.993624 -0.014136 -0.111852 -0.978693 -0.111894 -0.172159 -0.997037 0.013081 -0.075809 -0.994078 -0.004669 -0.108566 -0.998828 0.029106 -0.038674 -0.991661 0.124130 -0.034634 -0.994904 0.099554 -0.015958 -0.999993 -0.003803 0.000000 -0.999993 -0.003817 0.000000 -0.999993 -0.003825 0.000000 -0.999993 -0.003807 0.000000 0.009941 -0.999951 0.000000 0.006651 -0.999978 0.000000 0.007355 -0.999973 0.000000 0.012303 -0.999924 0.000000 -0.999424 -0.014075 -0.030892 -0.997124 -0.075793 0.000000 -0.999495 -0.031775 0.000000 0.000000 0.000000 -1.000000 -0.000000 0.000000 -1.000000 -0.956812 -0.287747 -0.041374 -0.992376 -0.088131 -0.086157 -0.997259 0.067361 -0.030607 -0.997363 0.072119 -0.008087 -0.968867 -0.125388 -0.213480 -0.998494 -0.020754 -0.050789 -0.656652 -0.708187 -0.259382 -0.697836 -0.637304 -0.326908 -0.995612 0.005193 -0.093429 -0.996037 0.020514 -0.086540 -0.986669 -0.064418 -0.149448 -0.995569 0.000000 -0.094032 -0.870222 -0.344764 -0.351925 -0.996931 0.055592 -0.055116 -0.772845 -0.511201 -0.376010 -0.996517 0.039603 -0.073380 -0.975590 0.219598 0.000000 -0.000069 0.000000 -1.000000 -0.000047 0.000000 -1.000000 0.001318 0.000000 -0.999999 -0.999992 0.000000 0.004020 -0.999370 0.000000 -0.035478 
						-0.998492 0.000000 -0.054900 -0.998511 0.000000 -0.054551 -0.936052 -0.347210 0.057030 -0.941624 -0.326446 0.082328 -0.846983 -0.428687 0.314400 -0.882840 -0.428726 0.191804 -0.543872 -0.681207 0.490063 -0.576955 -0.629964 0.519873 -0.207172 -0.865236 0.456560 -0.239273 -0.815291 0.527304 -0.038560 -0.929710 0.366267 -0.046415 -0.896368 0.440874 -0.000000 0.000000 -1.000000 0.000000 0.000000 -1.000000 0.015742 -0.999876 0.000000 0.016258 -0.999867 -0.001421 0.022380 -0.999749 0.000858 0.016288 -0.999867 0.000000 0.000000 0.000000 -1.000000 0.000108 0.000000 -1.000000 0.000264 0.000000 -1.000000 0.000000 0.000000 -1.000000 0.013434 -0.999910 0.000000 0.025880 -0.999665 0.000521 -0.977215 -0.027730 0.210433 0.027490 -0.999601 -0.006418 0.029082 -0.999526 -0.010050 0.579117 -0.781199 -0.233135 0.451995 -0.803342 -0.387739 0.493969 -0.759232 -0.423746 0.584405 -0.776140 -0.236808 0.000095 0.000000 -1.000000 0.000052 0.000000 -1.000000 0.000076 0.000000 -1.000000 0.000022 0.000000 -1.000000 -0.000108 0.000000 -1.000000 -0.000000 0.000000 -1.000000 0.015551 -0.999879 0.000000 -0.890731 -0.407036 -0.202285 -0.650398 -0.733373 -0.197853 -0.651075 0.000000 -0.759013 -0.651069 0.000000 -0.759018 -0.651069 0.000000 -0.759019 -0.651075 0.000000 -0.759014 0.033211 -0.999340 -0.014694 0.027162 -0.999629 -0.001845 0.992797 -0.000298 -0.119806 0.992835 -0.000199 -0.119489 0.992840 -0.000199 -0.119455 0.992801 -0.000298 -0.119773 -0.999993 0.000000 -0.003819 -0.999993 0.000000 -0.003819 -0.999993 0.000000 -0.003826 -0.999993 0.000000 -0.003826 -0.999699 -0.024517 0.000000 -0.998551 0.053816 0.000000 -1.000000 0.000445 0.000000 -0.995339 0.090893 -0.032220 0.583894 0.000513 0.811829 0.583870 0.000756 0.811847 0.583865 0.000756 0.811850 0.583890 0.000513 0.811832 0.002521 0.000000 -0.999997 0.002528 0.000000 -0.999997 
						0.002509 0.000000 -0.999997 -0.001028 0.999999 -0.000227 -0.001067 0.999999 -0.000224 -0.001006 0.999999 0.000000 -0.001011 0.999999 0.000000 -0.000292 1.000000 -0.000101 -0.000285 1.000000 -0.000170 -0.999993 0.000000 0.003816 -0.999993 0.000000 0.003808 -0.999993 0.000000 0.003807 -0.999993 0.000000 0.003814 0.000000 -0.004899 -0.999988 0.000000 -0.004893 -0.999988 0.000000 -0.004911 -0.999988 0.000000 -0.004900 -0.999988 -0.998118 0.000000 -0.061328 -0.999263 0.000000 -0.038392 -0.999998 0.000000 0.001957 -0.998978 0.000000 -0.045207 0.818212 0.000245 0.574916 0.818141 0.000606 0.575018 0.818126 0.000606 0.575038 0.818200 0.000245 0.574933 -0.150430 -0.000297 -0.988621 -0.150389 -0.000623 -0.988627 -0.150382 -0.000623 -0.988628 -0.150424 -0.000297 -0.988621 -0.999923 0.000000 0.012441 -0.998119 0.000000 0.061302 -0.955522 -0.000088 -0.294919 -0.955521 0.000044 -0.294923 -0.955521 0.000044 -0.294924 -0.955522 -0.000088 -0.294919 -0.952744 0.124433 0.277118 0.999988 -0.004886 0.000000 0.999988 -0.004886 0.000000 0.999988 -0.004924 0.000000 0.999988 -0.004876 0.000000 0.999988 -0.004943 0.000000 0.999988 -0.004930 0.000000 0.999988 -0.004956 0.000000 0.999988 -0.004876 0.000000 0.999988 -0.004794 0.000000 0.999988 -0.004889 0.000000 0.999988 -0.004874 0.000000 0.999988 -0.004865 0.000000 0.999988 -0.004902 0.000000 0.999988 -0.004908 0.000000 0.999988 -0.004921 0.000000 0.999988 -0.004920 0.000000 0.999988 -0.004932 0.000000 0.999988 -0.004858 0.000000 0.999988 0.000000 0.004881 0.999988 0.000000 0.004879 0.998792 -0.004926 -0.048900 0.995174 -0.004944 -0.097997 0.923865 -0.005014 -0.382685 0.923865 -0.004981 -0.382686 0.707098 -0.004981 -0.707098 0.707098 -0.005014 -0.707098 0.382686 -0.004978 -0.923865 0.382686 -0.004978 -0.923865 0.097997 -0.005010 -0.995174 0.097997 -0.004946 -0.995174 
						-0.995746 0.000000 -0.092136 0.000000 0.000000 -1.000000 0.097999 0.000109 -0.995187 0.097999 0.000109 -0.995187 0.000000 0.000000 -1.000000 0.999988 -0.004884 0.000000 -0.000000 0.000000 -1.000000 0.001316 0.000000 -0.999999 0.000000 0.000000 -1.000000 0.000000 -0.000108 -1.000000 0.000000 -0.000108 -1.000000 0.000000 0.000000 -1.000000 0.000000 -0.000108 -1.000000 0.000000 -0.000000 -1.000000 -0.000100 0.999991 0.004329 -0.000012 0.999991 0.004209 -0.000012 0.999991 0.004207 -0.000100 0.999991 0.004327 0.000000 -1.000000 0.000000 -0.000045 -1.000000 0.000428 -0.000045 -1.000000 0.000431 0.000000 -1.000000 -0.000000 -0.997361 -0.003817 -0.072496 -0.997354 -0.003852 -0.072595 -0.960108 -0.003984 -0.279600 -0.960143 -0.004039 -0.279480 -0.840379 -0.004266 -0.541983 -0.840379 -0.004276 -0.541983 -0.631424 -0.004470 -0.775425 -0.631375 -0.004444 -0.775465 -0.345297 -0.004781 -0.938481 -0.345088 -0.004760 -0.938558 -0.092303 -0.004948 -0.995719 -0.092204 -0.004938 -0.995728 0.000000 -0.004910 -0.999988 0.000000 -0.004897 -0.999988 -0.999993 -0.003813 0.000000 -0.999992 -0.003877 0.000000 -0.404709 -0.000630 -0.914445 -0.404482 -0.000711 -0.914546 -0.404442 -0.000711 -0.914564 -0.404675 -0.000630 -0.914460 -0.000900 1.000000 -0.000256 -0.000982 0.999999 -0.000445 -0.001089 0.999999 -0.000414 -0.000871 1.000000 -0.000274 -0.999985 -0.005408 -0.000003 -0.999984 -0.005676 -0.000003 -0.999983 -0.005795 -0.000003 -0.999985 -0.005526 -0.000003 0.999988 -0.004886 0.000000 0.999988 -0.004886 0.000000 0.999988 -0.004902 0.000000 0.999988 -0.004914 0.000000 -0.000845 1.000000 -0.000074 -0.000822 1.000000 -0.000103 -0.000758 1.000000 -0.000258 -0.000814 1.000000 -0.000107 -0.999549 0.000000 -0.030045 -0.661872 -0.000242 -0.749616 -0.661863 -0.000185 -0.749625 -0.661861 -0.000185 -0.749627 -0.661871 -0.000242 -0.749618 -1.000000 -0.000100 0.000010 
						-1.000000 0.000000 -0.000359 -1.000000 0.000000 -0.000361 -1.000000 -0.000100 -0.000001 -0.002283 0.999997 -0.000131 -0.002309 0.999997 -0.000129 -0.002220 0.999997 -0.000086 -0.002263 0.999997 -0.000073 -0.001508 0.999999 -0.000292 -0.001553 0.999999 -0.000279 -0.001536 0.999999 0.000148 -0.001466 0.999999 0.000104 -0.001381 0.999999 0.000050 -0.001353 0.999999 0.000032 -0.001110 0.999999 0.000250 -0.001130 0.999999 0.000275 -0.000758 1.000000 -0.000180 -0.000794 1.000000 -0.000135 -0.000802 1.000000 -0.000140 -0.000801 1.000000 -0.000141 -0.000088 0.999998 -0.002054 -0.000066 0.999998 -0.002114 -0.000098 0.999998 -0.002115 -0.000093 0.999998 -0.002164 -0.000303 -1.000000 -0.000022 -0.000304 -1.000000 -0.000026 0.000000 -1.000000 -0.000071 0.000000 -1.000000 -0.000067 -0.999994 -0.003579 0.000300 -0.999994 -0.003574 0.000300 -0.997185 -0.003506 -0.074898 -0.997192 -0.003526 -0.074798 -0.346688 -0.006940 -0.937955 -0.346776 -0.006936 -0.937922 -0.094899 -0.007009 -0.995462 -0.094799 -0.007013 -0.995472 -0.630491 -0.004450 -0.776184 -0.630600 -0.004477 -0.776095 -0.346779 -0.004773 -0.937935 -0.346691 -0.004747 -0.937967 -0.841281 -0.003812 -0.540585 -0.841281 -0.003793 -0.540585 -0.630601 -0.003976 -0.776097 -0.630492 -0.003995 -0.776186 -0.959845 -0.003423 -0.280511 -0.959818 -0.003441 -0.280603 -0.841281 -0.003701 -0.540585 -0.841281 -0.003684 -0.540585 -0.997195 -0.002612 -0.074799 -0.997188 -0.002591 -0.074898 -0.959820 -0.002665 -0.280604 -0.959847 -0.002685 -0.280512 -0.000000 1.000000 -0.000411 0.000000 1.000000 -0.000191 0.000000 1.000000 -0.000189 -0.000000 1.000000 -0.000391 -0.000242 1.000000 -0.000620 -0.000245 1.000000 -0.000583 -0.001504 0.999999 -0.000000 -0.001530 0.999999 -0.000187 -0.001533 0.999999 -0.000187 -0.001508 0.999999 -0.000000 -0.999993 -0.003726 0.000100 -0.999993 -0.003808 0.000000 -0.999993 -0.003796 0.000000 
						-0.999993 -0.003748 0.000100 -0.867067 -0.000769 -0.498192 -0.867135 -0.000620 -0.498072 -0.867149 -0.000620 -0.498049 -0.867078 -0.000769 -0.498172 -0.962773 -0.000030 0.270310 -0.962779 0.000081 0.270290 -0.962780 0.000081 0.270286 -0.962774 -0.000030 0.270307 1.000000 0.000000 -0.000382 1.000000 0.000100 -0.000001 1.000000 0.000100 0.000043 1.000000 0.000000 -0.000379 -0.915063 0.000124 -0.403312 -0.915050 -0.000019 -0.403339 -0.915048 -0.000019 -0.403344 -0.915061 0.000124 -0.403316 -1.000000 -0.000300 0.000198 -1.000000 -0.000300 0.000180 1.000000 0.000300 0.000803 1.000000 0.000300 0.000894 -0.751862 0.000121 -0.659321 -0.751860 -0.000095 -0.659322 -0.751860 -0.000095 -0.659323 -0.751861 0.000121 -0.659321 -0.981197 -0.000627 -0.193008 -0.981201 -0.000294 -0.192986 -0.981202 -0.000294 -0.192981 -0.981198 -0.000627 -0.193004 -0.997461 0.000007 0.071219 -0.997458 0.000021 0.071263 -0.997459 0.000021 0.071245 -0.997465 0.000007 0.071161 -0.498775 0.000126 -0.866731 -0.498728 -0.000134 -0.866758 -0.498719 -0.000134 -0.866764 -0.498768 0.000126 -0.866736 -0.001077 -0.000100 -0.999999 -0.000889 -0.000300 -1.000000 -0.000863 -0.000300 -1.000000 -0.001052 -0.000100 -0.999999 -0.196065 0.000059 -0.980591 -0.196059 -0.000078 -0.980592 -0.196057 -0.000078 -0.980592 -0.196064 0.000059 -0.980591 0.785396 -0.000595 -0.618994 0.785251 -0.000236 -0.619178 0.785223 -0.000236 -0.619213 0.785372 -0.000595 -0.619024 0.513421 -0.000737 -0.858137 0.513537 -0.000480 -0.858067 0.513560 -0.000480 -0.858054 0.513440 -0.000737 -0.858125 -0.375105 -0.000406 -0.926982 -0.375172 -0.000238 -0.926955 -0.375185 -0.000238 -0.926950 -0.375115 -0.000406 -0.926978 -0.004913 0.000000 -0.999988 -0.004877 0.000001 -0.999988 -0.004873 0.000001 -0.999988 -0.004909 0.000000 -0.999988 -0.999700 -0.000002 -0.024473 -0.999701 -0.000002 -0.024432 -0.999359 -0.035800 0.000000 
						-0.996412 -0.069799 -0.047872 -0.997408 0.071955 0.000000 -0.999993 0.000000 -0.003838 -0.999993 0.000000 -0.003839 -0.999993 -0.003831 0.000000 -0.999993 -0.003834 0.000000 -0.999993 -0.003826 0.000000 -0.999993 -0.003826 0.000000 -0.997424 0.000000 0.071725 -0.997435 0.000000 0.071582 -0.999993 0.000000 0.003803 -0.999993 0.000000 0.003803 -0.999993 -0.003815 0.000000 -0.999993 -0.003801 -0.000300 -0.999993 -0.003800 -0.000300 0.445593 -0.809527 -0.382247 0.485928 -0.768187 -0.416848 0.531333 -0.820232 -0.211907 0.511628 -0.738653 -0.438895 0.513409 -0.736504 -0.440423 0.400669 -0.849311 -0.343709 0.000000 -1.000000 0.000000 0.000000 -1.000000 0.000000 0.000000 -1.000000 0.000000 0.000000 -1.000000 0.000000 0.651069 0.000000 0.759019 0.651075 0.000000 0.759014 0.651075 0.000000 0.759013 0.651070 0.000000 0.759018 -0.333934 -0.858460 -0.389274 -0.483412 -0.669891 -0.563523 -0.514774 -0.612298 -0.600082 -0.374929 -0.817560 -0.437063 0.369718 -0.823139 0.430988 0.460923 -0.706294 0.537307 0.481759 -0.672695 0.561596 0.394181 -0.795913 0.459504 0.999988 0.000000 0.004882 0.999988 0.000000 0.004881 0.999988 -0.004887 0.000000 1.000000 0.000000 -0.000000 1.000000 0.000000 -0.000003 1.000000 0.000000 -0.000003 1.000000 0.000000 0.000002 0.981679 -0.004536 -0.190486 0.982258 -0.004528 -0.187482 0.928591 -0.004834 -0.371074 0.928591 -0.004837 -0.371074 0.394510 -0.004661 -0.918880 0.394510 -0.004669 -0.918880 0.200410 -0.005187 -0.979698 0.202312 -0.005173 -0.979307 0.981984 -0.004976 -0.188897 0.981947 -0.004945 -0.189090 0.928583 -0.004806 -0.371094 0.928582 -0.004870 -0.371094 0.394493 -0.004651 -0.918887 0.394493 -0.004661 -0.918887 0.201399 -0.004742 -0.979498 0.201303 -0.004737 -0.979518 0.398952 0.000000 -0.916972 0.398963 0.000000 -0.916967 0.398996 0.000000 -0.916952 0.398985 0.000000 -0.916957 
						0.930461 0.000000 -0.366391 0.930456 0.000000 -0.366405 0.930442 0.000000 -0.366440 0.930447 0.000000 -0.366426 0.004629 0.000000 -0.999989 0.004625 0.000000 -0.999989 0.004625 0.000000 -0.999989 0.004629 0.000000 -0.999989 0.999988 0.000000 0.004896 0.999988 0.000000 0.004896 0.200409 -0.004332 -0.979703 0.000000 -0.004624 -0.999989 0.000000 -0.004624 -0.999989 0.202311 -0.004330 -0.979312 0.999988 -0.004894 0.000000 0.999988 -0.004881 0.000000 0.982254 -0.005386 -0.187480 0.981676 -0.005395 -0.190484 0.000000 -0.004629 -0.999989 0.000000 -0.004628 -0.999989 -0.000074 0.000000 -1.000000 -0.000102 0.000000 -1.000000 0.000000 0.000000 -1.000000 0.000000 0.000000 -1.000000 -0.000080 0.000000 -1.000000 -0.000113 0.000000 -1.000000 1.000000 0.000000 0.000000 1.000000 0.000000 0.000001 -0.999992 0.000001 0.003894 -0.999992 0.000000 0.003884 -0.999992 0.000000 0.003882 -0.999992 0.000001 0.003895 -0.997461 0.000007 0.071210 -0.997475 0.000007 0.071022 -0.999993 -0.003626 0.000300 -0.995905 0.000000 -0.090410 -0.995924 0.004580 -0.090082 -0.997398 0.072086 0.000000 -0.997335 0.072425 -0.008840 -0.997196 0.067661 -0.031961 -0.996933 0.054755 -0.055918 -0.996677 0.037130 -0.072506 -0.996313 0.018339 -0.083813 1.000000 0.000000 0.000222 1.000000 0.000000 0.000223 1.000000 0.000000 0.000249 1.000000 0.000000 0.000248 -0.120502 0.992713 -0.000267 0.000000 1.000000 -0.000530 0.999988 0.000000 -0.004911 0.999988 0.000000 -0.004904 0.999988 0.000000 -0.004921 -0.988175 -0.137452 0.067953 -0.951949 -0.167181 0.256599 -0.960610 -0.173280 0.217262 -0.991970 -0.111837 0.059067 -0.973468 -0.162451 0.161153 -0.996006 -0.067817 0.058077 -0.978560 -0.174770 0.108980 -0.995415 -0.044727 0.084545 -0.898304 -0.386780 0.208447 -0.793681 -0.426109 0.434168 -0.844590 -0.407600 0.347175 -0.934191 -0.325924 0.145122 
						-0.904423 -0.343972 0.252395 -0.966215 -0.240418 0.092882 -0.924597 -0.333765 0.183633 -0.993364 -0.063002 0.096219 -0.993755 -0.061864 0.092860 -0.973468 -0.197310 0.115880 -0.969471 -0.214607 0.118619 -0.904220 -0.394740 0.162993 -0.890797 -0.430013 0.146868 -0.715456 -0.654345 0.244859 -0.702374 -0.665874 0.251562 -0.746995 -0.621855 0.235147 -0.169996 -0.886028 0.431341 -0.440597 -0.829911 0.342230 -0.504455 -0.803705 0.315568 -0.289211 -0.870681 0.397834 -0.572980 -0.772071 0.274955 -0.412119 -0.845634 0.339208 -0.596476 -0.464897 0.654284 -0.663616 -0.490096 0.565172 -0.763273 -0.471709 0.441480 0.984067 0.000000 -0.177797 0.984069 0.000000 -0.177788 0.984070 0.000000 -0.177780 0.984068 0.000000 -0.177790 0.864280 0.000000 -0.503011 0.864288 0.000000 -0.502998 0.864293 0.000000 -0.502989 0.864285 0.000000 -0.503002 0.658598 0.000000 -0.752494 0.658564 0.000000 -0.752525 0.658540 0.000000 -0.752545 0.658575 0.000000 -0.752515 0.407031 0.000000 -0.913414 0.407097 0.000000 -0.913385 0.407140 0.000000 -0.913366 0.407073 0.000000 -0.913396 0.136564 0.000000 -0.990631 0.136460 0.000000 -0.990645 0.136394 0.000000 -0.990655 0.136499 0.000000 -0.990640 -0.989152 0.000124 0.146894 -0.989151 0.000124 0.146902 -0.989142 -0.000044 0.146963 -0.989143 -0.000044 0.146953 -0.993134 0.000035 -0.116981 -0.993135 0.000035 -0.116977 -0.993139 0.000012 -0.116944 -0.993138 0.000012 -0.116948 -0.584717 0.000253 -0.811237 -0.584721 0.000253 -0.811234 -0.584751 0.000370 -0.811213 -0.584746 0.000370 -0.811217 -0.659418 -0.000715 0.751776 -0.659412 -0.000715 0.751781 -0.659373 -0.000772 0.751815 -0.659380 -0.000772 0.751809 -0.310791 0.000289 -0.950478 -0.310775 0.000289 -0.950483 -0.310666 0.000446 -0.950519 -0.310686 0.000446 -0.950512 -0.004717 0.999989 0.000772 -0.005060 0.999984 0.002368 -0.005071 0.999984 0.002357 
						-0.004734 0.999988 0.000764 -0.014735 0.999891 -0.000479 -0.013849 0.999902 -0.002130 -0.013817 0.999902 -0.002119 -0.014727 0.999891 -0.000504 -0.023341 0.999692 -0.008448 -0.018496 0.999736 -0.013635 -0.018540 0.999735 -0.013669 -0.023411 0.999690 -0.008515 -0.023850 0.999505 -0.020502 -0.013175 0.999577 -0.025915 -0.013210 0.999579 -0.025833 -0.023836 0.999507 -0.020452 -0.013480 0.999549 -0.026831 -0.002910 0.999568 -0.029251 -0.003063 0.999567 -0.029260 -0.013541 0.999549 -0.026818 -0.997526 -0.003799 0.070198 -0.960428 -0.004394 0.278492 -0.960920 -0.004382 0.276790 -0.997617 -0.003793 0.068897 -0.960431 -0.003634 0.278496 -0.839607 -0.004950 0.543172 -0.839998 -0.004941 0.542567 -0.960923 -0.003624 0.276793 -0.839607 -0.003548 0.543182 -0.632544 -0.005278 0.774507 -0.632157 -0.005276 0.774823 -0.839999 -0.003540 0.542576 -0.632541 -0.003622 0.774518 -0.343619 -0.005196 0.939095 -0.341926 -0.005198 0.939713 -0.632154 -0.003618 0.774834 -0.343617 -0.004338 0.939100 -0.089206 -0.005046 0.996000 -0.087709 -0.005042 0.996133 -0.341924 -0.004338 0.939718 -0.989785 0.000000 0.142567 -0.989785 0.000000 0.142567 -0.989785 0.000000 0.142567 -0.989785 0.000000 0.142567 -0.909984 0.000000 0.414643 -0.909967 0.000000 0.414680 -0.909958 0.000000 0.414699 -0.909975 0.000000 0.414663 -0.746142 0.000000 0.665787 -0.746137 0.000000 0.665793 -0.746134 0.000000 0.665796 -0.746139 0.000000 0.665790 -0.495248 0.000000 0.868751 -0.495251 0.000000 0.868750 -0.495253 0.000000 0.868749 -0.495250 0.000000 0.868750 -0.171389 0.000000 0.985203 -0.171387 0.000000 0.985204 -0.171386 0.000000 0.985204 -0.171387 0.000000 0.985204 -0.995984 0.004591 0.089414 -0.996518 0.017544 0.081505 -0.996958 0.034919 0.069687 -0.997137 0.052434 0.054480 -0.993303 -0.003261 0.115493 -0.997332 0.065651 0.031915 -0.992570 0.028132 0.118378 
						-0.997418 0.071220 0.009226 -0.993823 0.060673 0.092921 -0.724211 0.512225 -0.461675 -0.764928 0.502633 -0.402797 -0.577800 0.545702 -0.606923 -0.541382 0.519698 -0.660923 -0.258710 0.912899 -0.315730 -0.376461 0.883081 -0.280079 -0.274972 0.901383 -0.334513 -0.141999 0.914421 -0.379039 -0.002495 -0.000542 -0.999997 -0.002284 -0.001746 -0.999996 -0.002387 -0.001768 -0.999996 -0.002448 -0.000536 -0.999997 -0.002086 -0.002721 -0.999994 -0.002059 -0.002710 -0.999994 -0.001317 -0.003616 -0.999993 -0.001275 -0.003573 -0.999993 -0.000204 -0.004416 -0.999990 -0.000323 -0.004688 -0.999989 0.000108 -0.004923 -0.999988 0.000135 -0.004795 -0.999988 -0.986219 -0.147438 0.075057 -0.948926 -0.148339 0.278450 -0.871498 -0.418496 0.255642 -0.757740 -0.434088 0.487234 -0.562886 -0.450478 0.692985 -0.311309 -0.869770 0.382867 -0.164398 -0.881824 0.441995 -0.044612 -0.887682 0.458290 -0.826347 0.509313 -0.240312 -0.864829 0.466902 -0.184588 -0.000130 0.999999 -0.001328 -0.138432 0.990372 -0.000230 0.000000 -0.004777 -0.999989 0.000000 -0.004777 -0.999989 0.004895 0.000000 0.999988 0.004887 0.000000 0.999988 0.004886 0.000000 0.999988 0.004885 0.000000 0.999988 -0.997421 0.071766 0.000000 -0.994541 0.071806 0.075712 -0.999993 0.000000 0.003819 -0.999993 0.000000 0.003838 -0.999992 0.000000 0.003975 -0.999992 0.000000 0.003893 1.000000 0.000000 0.000129 1.000000 0.000000 0.000116 1.000000 0.000000 0.000076 1.000000 0.000000 0.000101 0.000000 -0.004904 0.999988 0.000000 -0.004888 0.999988 0.000000 -0.004886 0.999988 0.000000 -0.004907 0.999988 -0.999993 -0.003834 0.000000 -0.997525 -0.003989 0.070198 -0.997616 -0.004052 0.068897 -0.999992 -0.003866 0.000000 0.000682 0.999299 -0.037423 -0.003512 0.999303 -0.037163 -0.003346 0.999303 -0.037189 0.000683 0.999298 -0.037445 -0.999993 -0.003810 0.000000 -0.999993 -0.003806 0.000000 
						-0.999993 -0.003806 0.000000 -0.999993 -0.003809 0.000000 -0.002526 0.000000 -0.999997 -0.002515 0.000000 -0.999997 -0.002516 0.000000 -0.999997 -0.002519 0.000000 -0.999997 -0.989515 0.123599 -0.074720 -0.993529 0.113578 0.000000 -0.994730 0.101997 0.010439 -0.990077 0.122777 -0.068353 -0.168119 0.914314 -0.368463 -0.039324 0.914883 -0.401799 -0.001030 0.000000 -0.999999 -0.000995 0.000000 -0.999999 -0.000884 0.000000 -1.000000 -0.000938 0.000000 -1.000000 -0.000991 0.999999 0.001032 -0.000986 0.999999 0.000000 -0.001053 0.999999 0.000000 -0.001057 0.999999 0.001029 0.000000 1.000000 0.000200 0.000000 1.000000 0.000118 0.000000 1.000000 0.000106 0.000000 1.000000 0.000175 -0.089206 -0.004800 0.996002 -0.087709 -0.004810 0.996135 0.004921 0.000000 0.999988 0.004917 0.000000 0.999988 -0.011677 -0.992900 0.118375 0.000000 -0.992827 0.119560 -0.119708 -0.985477 0.120434 -0.149416 -0.981727 0.117844 -0.439457 -0.890152 0.120447 -0.423728 -0.897618 0.121396 -0.710234 -0.693376 0.121647 -0.716919 -0.686749 0.120013 -0.888018 -0.444157 0.118951 -0.968773 -0.218759 0.116716 -0.993207 -0.056364 0.101796 -0.991493 0.118380 -0.054116 -0.959298 0.196470 -0.202849 -0.952672 0.167756 -0.253524 -0.911379 0.398405 -0.103254 -0.825228 0.476049 -0.303935 -0.653040 0.565709 -0.503500 -0.994553 0.100830 -0.026410 -0.972763 0.190794 -0.131640 -0.953601 0.299142 -0.034039 -0.893444 0.406814 -0.190422 -0.764241 0.527088 -0.371636 -0.493617 0.833860 -0.247022 -0.442308 0.855664 -0.268706 -0.713062 0.679576 -0.172391 -0.709081 0.682085 -0.178787 -0.906527 0.414201 -0.081519 -0.895348 0.435571 -0.092894 -0.545216 0.810140 -0.215436 -0.732328 0.660421 -0.165951 -0.921834 0.374189 -0.101017 -0.997539 0.069766 -0.006981 -0.973746 0.223124 -0.045100 -0.975060 0.218314 -0.039953 -0.996528 0.083201 -0.003211 -0.978296 0.193090 -0.075189 
						-0.996079 0.088460 -0.001152 -0.974690 0.222737 -0.019176 -0.998373 0.056697 -0.006072 -0.975372 0.220400 0.008538 -0.973780 0.227493 -0.000067 -0.894277 0.447493 0.004258 -0.895517 0.445024 -0.001689 -0.721994 0.691897 0.001998 -0.707562 0.706634 -0.004851 -0.426697 0.904395 0.000451 -0.429147 0.903230 -0.002938 -0.999635 0.000000 -0.027020 -0.004979 0.000000 -0.999988 -0.004319 0.000721 -0.999990 -0.002302 0.000000 -0.999997 -0.002076 0.000000 -0.999998 -0.999476 0.009053 0.031076 -0.999793 0.001707 0.020275 -0.998612 0.027045 0.045188 -0.997317 0.054698 0.048659 -0.995734 0.085590 0.034467 -0.995333 -0.068616 0.067855 -0.946577 -0.272924 0.171767 -0.936455 -0.304177 0.174723 -0.991819 -0.079662 0.099744 -0.801074 -0.536571 0.265278 -0.781374 -0.586585 0.213008 -0.607903 -0.700085 0.374613 -0.568718 -0.772553 0.282349 -0.997031 -0.066907 0.038115 -0.959107 -0.238030 0.153151 -0.839046 -0.454148 0.299585 -0.680136 -0.576081 0.453371 -0.997368 -0.070932 0.015042 -0.972657 -0.199486 0.118929 -0.897154 -0.342660 0.278745 -0.796898 -0.417415 0.436713 -0.997967 -0.063327 0.007245 -0.985260 -0.154816 0.072769 -0.958007 -0.215779 0.188846 -0.915157 -0.295637 0.274019 -0.999933 -0.010235 0.005437 -0.996635 -0.078178 0.024636 -0.997609 -0.024019 0.064809 -0.966252 -0.246671 0.074228 -0.934716 -0.315614 0.163384 -0.988395 -0.085329 0.125672 -0.778125 -0.603471 0.174196 -0.557633 -0.803719 0.207562 -0.999876 0.008928 0.013005 -0.999932 -0.010057 -0.005868 -0.999849 -0.017221 -0.002467 -0.999998 0.000231 -0.001969 -0.919751 -0.309573 0.241293 -0.987712 -0.065317 0.141981 -0.981155 -0.115425 0.154957 -0.892174 -0.390443 0.227111 -0.954311 -0.199356 0.222595 -0.993638 -0.014212 0.111724 -0.978693 -0.111894 0.172159 -0.997037 0.013075 0.075803 -0.994078 -0.004672 0.108565 -0.998828 0.029105 0.038673 -0.991661 0.124134 0.034634 
						-0.994904 0.099552 0.015958 -0.999993 -0.003807 0.000000 -0.999993 -0.003802 0.000000 -0.999993 -0.003804 0.000000 -0.999993 -0.003812 0.000000 -0.009941 0.999951 0.000000 -0.012302 0.999924 0.000000 -0.007355 0.999973 0.000000 -0.006651 0.999978 0.000000 -0.999425 -0.013943 0.030905 -0.999497 -0.031702 0.000000 -0.997133 -0.075662 0.000000 -0.956808 -0.287761 0.041373 -0.992376 -0.088133 0.086157 -0.997363 0.072123 0.008087 -0.997259 0.067361 0.030607 -0.968867 -0.125388 0.213480 -0.998494 -0.020746 0.050790 -0.656648 -0.708181 0.259409 -0.697835 -0.637300 0.326918 -0.996037 0.020514 0.086542 -0.995612 0.005193 0.093434 -0.986647 -0.064417 0.149596 -0.995563 0.000000 0.094093 -0.870222 -0.344768 0.351923 -0.996931 0.055592 0.055116 -0.772845 -0.511202 0.376009 -0.996517 0.039604 0.073382 0.000069 0.000000 -1.000000 -0.001318 0.000000 -0.999999 0.000047 0.000000 -1.000000 -0.999373 0.000000 0.035409 -0.999992 0.000000 -0.004015 -0.998489 0.000000 0.054945 -0.998507 0.000000 0.054622 -0.935958 -0.347463 -0.057025 -0.882826 -0.428754 -0.191801 -0.846969 -0.428718 -0.314395 -0.941534 -0.326707 -0.082320 -0.577010 -0.629873 -0.519922 -0.543931 -0.681120 -0.490117 -0.239270 -0.815295 -0.527298 -0.207169 -0.865240 -0.456553 -0.046415 -0.896369 -0.440873 -0.038561 -0.929709 -0.366270 -0.017574 0.999846 0.000000 -0.016380 0.999866 0.000000 -0.021304 0.999773 0.000923 -0.016292 0.999866 -0.001424 -0.000264 0.000000 -1.000000 -0.000108 0.000000 -1.000000 -0.013434 0.999910 0.000000 -0.026428 0.999651 0.000504 0.977215 0.027730 0.210433 -0.029896 0.999499 -0.010380 -0.026085 0.999643 -0.005847 -0.579103 0.781211 -0.233129 -0.584402 0.776142 -0.236807 -0.494143 0.759036 -0.423895 -0.451930 0.803406 -0.387683 -0.000095 0.000000 -1.000000 -0.000022 0.000000 -1.000000 -0.000076 0.000000 -1.000000 -0.000052 0.000000 -1.000000 
						0.000108 0.000000 -1.000000 -0.015551 0.999879 0.000000 -0.890731 -0.407036 0.202285 -0.650413 -0.733386 0.197756 -0.759000 0.000000 -0.651091 -0.759000 0.000000 -0.651090 -0.759006 0.000000 -0.651084 -0.759005 0.000000 -0.651084 -0.027185 0.999629 -0.001845 -0.033561 0.999327 -0.014835 0.992798 -0.000298 0.119801 0.992802 -0.000298 0.119769 0.992840 -0.000199 0.119452 0.992836 -0.000199 0.119486 -0.999993 0.000000 0.003813 -0.999993 0.000000 0.003804 -0.999993 0.000000 0.003804 -0.999993 0.000000 0.003813 -0.999699 -0.024550 0.000000 -0.995339 0.090896 0.032220 -1.000000 0.000450 0.000000 -0.998551 0.053809 0.000000 0.584185 0.000513 -0.811620 0.584180 0.000513 -0.811624 0.584145 0.000756 -0.811649 0.584151 0.000756 -0.811644 -0.002521 0.000000 -0.999997 -0.002509 0.000000 -0.999997 -0.002528 0.000000 -0.999997 -0.000995 0.999999 0.000229 -0.000978 0.999999 0.000000 -0.000980 0.999999 0.000000 -0.001042 0.999999 0.000226 -0.000283 1.000000 0.000199 -0.000289 1.000000 0.000134 -0.999993 0.000000 -0.003854 -0.999993 0.000000 -0.003857 -0.999993 0.000000 -0.003797 -0.999993 0.000000 -0.003797 0.000000 -0.004890 0.999988 0.000000 -0.004903 0.999988 0.000000 -0.004892 0.999988 0.000000 -0.004910 0.999988 -0.998121 0.000000 0.061270 -0.998982 0.000000 0.045109 -0.999998 0.000000 -0.001948 -0.999262 0.000000 0.038422 0.818206 0.000245 -0.574925 0.818194 0.000245 -0.574942 0.818124 0.000606 -0.575042 0.818138 0.000606 -0.575022 -0.150067 -0.000297 0.988676 -0.150063 -0.000297 0.988676 -0.150039 -0.000623 0.988680 -0.150043 -0.000623 0.988679 -0.999923 0.000000 -0.012445 -0.998118 0.000000 -0.061324 -0.955522 -0.000088 0.294918 -0.955522 -0.000088 0.294919 -0.955521 0.000044 0.294924 -0.955521 0.000044 0.294924 -0.952754 0.124351 -0.277121 0.999988 -0.004907 0.000000 0.999988 -0.004905 0.000000 
						0.999988 -0.004890 0.000000 0.999988 -0.004920 0.000000 0.999988 -0.004863 0.000000 0.999988 -0.004884 0.000000 0.999988 -0.004876 0.000000 0.999988 -0.004836 0.000000 0.999988 -0.004889 0.000000 0.999988 -0.004794 0.000000 0.999988 -0.004894 0.000000 0.999988 -0.004833 0.000000 0.999988 -0.004872 0.000000 0.999988 -0.004828 0.000000 0.999988 -0.004921 0.000000 0.999988 -0.004906 0.000000 0.999988 -0.004887 0.000000 0.999988 -0.004845 0.000000 0.999988 0.000000 -0.004922 0.999988 0.000000 -0.004931 0.998792 -0.004926 0.048900 0.923865 -0.004978 0.382686 0.923865 -0.004978 0.382686 0.995174 -0.004923 0.097997 0.707098 -0.004981 0.707098 0.707098 -0.005014 0.707098 0.382686 -0.005010 0.923865 0.382686 -0.004979 0.923865 0.097997 -0.004934 0.995174 0.097997 -0.004873 0.995175 -0.995746 0.000000 0.092136 -0.097999 -0.000109 -0.995187 -0.097999 -0.000109 -0.995187 0.999988 -0.004923 0.000000 -0.001316 0.000000 -0.999999 0.000000 0.000108 -1.000000 0.000000 0.000108 -1.000000 0.000000 0.000108 -1.000000 -0.000100 0.999991 -0.004213 -0.000100 0.999991 -0.004213 -0.000012 0.999991 -0.004207 -0.000012 0.999991 -0.004208 -0.000045 -1.000000 -0.000431 -0.000045 -1.000000 -0.000428 -0.997361 -0.003855 0.072496 -0.960143 -0.004044 0.279480 -0.960108 -0.004023 0.279599 -0.997354 -0.003847 0.072595 -0.840379 -0.004275 0.541983 -0.840379 -0.004263 0.541983 -0.631375 -0.004443 0.775465 -0.631424 -0.004469 0.775425 -0.345088 -0.004760 0.938558 -0.345297 -0.004781 0.938481 -0.092204 -0.004937 0.995728 -0.092303 -0.004922 0.995719 0.000000 -0.004897 0.999988 0.000000 -0.004887 0.999988 -0.999993 -0.003822 0.000000 -0.999993 -0.003838 0.000000 -0.404380 -0.000630 0.914591 -0.404389 -0.000630 0.914587 -0.404454 -0.000711 0.914558 -0.404442 -0.000711 0.914563 -0.000869 1.000000 0.000276 -0.000846 1.000000 0.000290 
						-0.001062 0.999999 0.000422 -0.000955 0.999999 0.000453 -0.999985 -0.005407 0.000003 -0.999985 -0.005407 0.000003 -0.999985 -0.005407 0.000003 -0.999985 -0.005407 0.000003 0.999988 -0.004886 0.000000 0.999988 -0.004892 0.000000 0.999988 -0.004894 0.000000 0.999988 -0.004890 0.000000 -0.000821 1.000000 0.000103 -0.000798 1.000000 0.000132 -0.000746 1.000000 0.000289 -0.000801 1.000000 0.000141 -0.999550 0.000000 0.029982 -0.661866 -0.000242 0.749622 -0.661866 -0.000242 0.749622 -0.661865 -0.000185 0.749623 -0.661865 -0.000185 0.749623 -1.000000 -0.000100 0.000008 -1.000000 -0.000100 0.000001 -1.000000 0.000000 0.000363 -1.000000 0.000000 0.000361 -0.002294 0.999997 0.000130 -0.002269 0.999997 0.000071 -0.002226 0.999997 0.000084 -0.002319 0.999997 0.000128 -0.001508 0.999999 0.000292 -0.001348 0.999999 -0.000029 -0.001376 0.999999 -0.000047 -0.001505 0.999999 0.000293 -0.001226 0.999999 0.000049 -0.001098 0.999999 -0.000236 -0.001110 0.999999 -0.000250 -0.001241 0.999999 0.000039 -0.000751 1.000000 0.000188 -0.000800 1.000000 0.000144 -0.000802 1.000000 0.000140 -0.000789 1.000000 0.000141 -0.000088 0.999998 0.002054 -0.000081 0.999997 0.002295 -0.000081 0.999997 0.002298 -0.000047 0.999998 0.002164 0.000303 1.000000 -0.000022 -0.000000 1.000000 -0.000067 -0.000000 1.000000 -0.000071 0.000304 1.000000 -0.000026 -0.999994 -0.003513 -0.000300 -0.997192 -0.003567 0.074798 -0.997185 -0.003595 0.074898 -0.999994 -0.003488 -0.000300 -0.346688 -0.006944 0.937955 -0.094799 -0.007013 0.995472 -0.094898 -0.007008 0.995462 -0.346776 -0.006939 0.937922 -0.630491 -0.004541 0.776183 -0.346691 -0.004769 0.937967 -0.346779 -0.004768 0.937935 -0.630600 -0.004540 0.776095 -0.841281 -0.003724 0.540585 -0.630492 -0.004030 0.776185 -0.630601 -0.004058 0.776097 -0.841281 -0.003753 0.540585 -0.959845 -0.003502 0.280510 
						-0.841281 -0.003701 0.540585 -0.841281 -0.003696 0.540585 -0.959818 -0.003497 0.280603 -0.997195 -0.002531 0.074799 -0.959847 -0.002664 0.280512 -0.959820 -0.002664 0.280604 -0.997188 -0.002531 0.074898 -0.000000 1.000000 0.000585 -0.000000 1.000000 0.000581 0.000000 1.000000 0.000190 0.000000 1.000000 0.000195 -0.000241 1.000000 0.000626 -0.000242 1.000000 0.000622 -0.001499 0.999999 0.000000 -0.001503 0.999999 0.000000 -0.001533 0.999999 0.000187 -0.001529 0.999999 0.000187 -0.999993 -0.003742 -0.000100 -0.999993 -0.003747 -0.000100 -0.999993 -0.003795 0.000000 -0.999993 -0.003805 0.000000 -0.867072 -0.000769 0.498182 -0.867083 -0.000769 0.498163 -0.867154 -0.000620 0.498039 -0.867141 -0.000620 0.498063 -0.962795 -0.000030 -0.270231 -0.962795 -0.000030 -0.270233 -0.962793 0.000081 -0.270241 -0.962793 0.000081 -0.270239 1.000000 0.000000 0.000000 1.000000 0.000000 0.000000 1.000000 0.000100 -0.000025 1.000000 0.000100 0.000000 -0.915061 0.000124 0.403316 -0.915063 0.000124 0.403310 -0.915080 -0.000019 0.403271 -0.915078 -0.000019 0.403278 -1.000000 -0.000300 0.000170 -1.000000 -0.000300 0.000154 1.000000 0.000300 -0.000528 1.000000 0.000300 -0.000474 -0.751863 0.000121 0.659320 -0.751855 0.000121 0.659329 -0.751803 -0.000095 0.659388 -0.751812 -0.000095 0.659377 -0.981196 -0.000627 0.193012 -0.981197 -0.000627 0.193008 -0.981202 -0.000294 0.192984 -0.981201 -0.000294 0.192988 -0.997460 0.000007 -0.071233 -0.997465 0.000007 -0.071162 -0.997459 0.000021 -0.071245 -0.997458 0.000021 -0.071262 -0.498775 0.000126 0.866731 -0.498779 0.000126 0.866729 -0.498799 -0.000134 0.866717 -0.498795 -0.000134 0.866720 -0.000733 -0.000100 1.000000 -0.000750 -0.000100 1.000000 -0.000879 -0.000300 1.000000 -0.000861 -0.000300 1.000000 -0.196067 0.000059 0.980591 -0.196067 0.000059 0.980591 -0.196065 -0.000078 0.980591 
						-0.196066 -0.000078 0.980591 0.785202 -0.000595 0.619239 0.785235 -0.000595 0.619198 0.785439 -0.000236 0.618940 0.785401 -0.000236 0.618988 0.513433 -0.000737 0.858129 0.513419 -0.000737 0.858138 0.513327 -0.000480 0.858193 0.513344 -0.000480 0.858183 -0.375106 -0.000406 0.926982 -0.375116 -0.000406 0.926978 -0.375181 -0.000238 0.926951 -0.375169 -0.000238 0.926956 -0.004856 0.000000 0.999988 -0.004857 0.000000 0.999988 -0.004873 0.000001 0.999988 -0.004871 0.000001 0.999988 -0.999700 -0.000002 0.024506 -0.999701 -0.000002 0.024463 -0.996412 -0.069800 0.047872 -0.999359 -0.035797 0.000000 -0.997407 0.071964 0.000000 -0.999993 0.000000 0.003807 -0.999993 0.000000 0.003807 -0.999993 -0.003833 0.000000 -0.999993 -0.003802 0.000000 -0.999993 -0.003825 0.000000 -0.999993 -0.003822 0.000000 -0.997437 0.000000 -0.071556 -0.997426 0.000000 -0.071698 -0.999993 0.000000 -0.003801 -0.999993 0.000000 -0.003801 -0.999993 -0.003797 0.000000 -0.999993 -0.003798 0.000300 -0.999993 -0.003798 0.000300 -0.445593 0.809527 -0.382247 -0.531333 0.820232 -0.211907 -0.485928 0.768187 -0.416848 -0.511604 0.738682 -0.438874 -0.513387 0.736531 -0.440404 -0.400341 0.849579 -0.343428 -0.758995 0.000000 -0.651096 -0.758995 0.000000 -0.651096 -0.758995 0.000000 -0.651096 -0.758995 0.000000 -0.651096 -0.759000 0.000000 -0.651091 -0.759000 0.000000 -0.651090 -0.759006 0.000000 -0.651084 -0.759005 0.000000 -0.651084 0.333934 0.858460 -0.389274 0.374929 0.817560 -0.437063 0.514774 0.612298 -0.600082 0.483412 0.669891 -0.563523 -0.369718 0.823139 0.430988 -0.394181 0.795913 0.459504 -0.481759 0.672695 0.561596 -0.460923 0.706294 0.537307 0.999988 0.000000 -0.004882 0.999988 0.000000 -0.004892 0.999988 -0.004919 0.000000 1.000000 0.000000 -0.000004 1.000000 0.000000 -0.000001 1.000000 0.000000 -0.000006 1.000000 0.000000 -0.000006 
						0.981679 -0.004536 0.190486 0.928590 -0.004871 0.371074 0.928590 -0.004877 0.371074 0.982257 -0.004539 0.187482 0.394510 -0.004662 0.918880 0.202312 -0.005140 0.979308 0.200410 -0.005143 0.979699 0.394510 -0.004660 0.918880 0.981984 -0.004954 0.188897 0.928583 -0.004835 0.371094 0.928583 -0.004850 0.371094 0.981947 -0.004962 0.189090 0.394493 -0.004695 0.918887 0.201303 -0.004756 0.979517 0.201399 -0.004742 0.979498 0.394493 -0.004665 0.918887 0.398992 0.000000 0.916954 0.398966 0.000000 0.916966 0.398957 0.000000 0.916970 0.398984 0.000000 0.916958 0.930445 0.000000 0.366430 0.930454 0.000000 0.366409 0.930457 0.000000 0.366400 0.930449 0.000000 0.366422 0.004624 0.000000 0.999989 0.004624 0.000000 0.999989 0.004626 0.000000 0.999989 0.004626 0.000000 0.999989 0.999988 0.000000 -0.004896 0.999988 0.000000 -0.004896 0.200409 -0.004332 0.979703 0.202311 -0.004330 0.979312 0.000000 -0.004629 0.999989 0.000000 -0.004629 0.999989 0.999988 -0.004886 0.000000 0.981676 -0.005395 0.190484 0.982254 -0.005385 0.187480 0.999988 -0.004886 0.000000 0.000000 -0.004624 0.999989 0.000000 -0.004625 0.999989 0.000074 0.000000 -1.000000 0.000103 0.000000 -1.000000 0.000114 0.000000 -1.000000 0.000080 0.000000 -1.000000 1.000000 0.000000 0.000000 1.000000 0.000000 0.000000 -0.999993 0.000001 -0.003807 -0.999993 0.000001 -0.003808 -0.999993 0.000000 -0.003845 -0.999993 0.000000 -0.003842 -0.997459 0.000007 -0.071249 -0.997473 0.000007 -0.071047 -0.999993 -0.003640 -0.000300 -0.995900 0.000000 0.090461 -0.995929 0.004576 0.090021 -0.997393 0.072158 0.000000 -0.997333 0.072443 0.008842 -0.997197 0.067648 0.031956 -0.996937 0.054716 0.055882 -0.996677 0.037129 0.072505 -0.996314 0.018336 0.083799 0.000000 0.000000 -1.000000 0.000000 0.000000 -1.000000 0.000000 0.000000 -1.000000 
						0.000000 0.000000 -1.000000 
					</float_array>
					<technique_common>
						<accessor count="1601" offset="0" source="#meshId0-tangents-array" stride="3">
							<param name="X" type="float" />
							<param name="Y" type="float" />
							<param name="Z" type="float" />
						</accessor>
					</technique_common>
				</source>
				<source id="meshId0-bitangents" name="meshId0-bitangents">
					<float_array id="meshId0-bitangents-array" count="4803"> 
						0.000221 0.000000 1.000000 0.000127 0.000000 1.000000 0.000125 0.000000 1.000000 0.000219 0.000000 1.000000 -0.000365 -0.000314 1.000000 0.000000 -0.000531 1.000000 0.000000 0.000000 1.000000 0.000000 -0.000000 1.000000 -0.004909 0.000000 0.999988 -0.004921 0.000000 0.999988 -0.004904 0.000000 0.999988 0.127660 -0.982936 0.132436 0.079598 -0.914882 0.395796 0.072787 -0.911384 0.405068 0.122954 -0.975971 0.179899 0.011784 -0.744617 0.667388 0.019272 -0.759969 0.649674 -0.051810 -0.490861 0.869696 -0.012343 -0.478400 0.878055 0.338178 -0.911528 0.233993 0.235240 -0.868588 0.436139 0.213031 -0.850699 0.480551 0.302294 -0.895593 0.326391 0.120127 -0.739023 0.662883 0.097308 -0.742358 0.662899 -0.006888 -0.467318 0.884062 -0.090699 -0.085077 0.992238 -0.095131 -0.116679 0.988603 -0.059710 -0.269834 0.961054 -0.073791 -0.259877 0.962818 -0.091889 -0.146067 0.984998 -0.048497 -0.284274 0.957516 -0.106042 -0.251584 0.962009 0.015001 -0.364778 0.930974 0.160479 -0.511894 0.843926 0.035221 -0.442918 0.895870 0.239898 -0.468280 0.850390 0.134484 -0.434160 0.890741 -0.045991 -0.359902 0.931856 0.475015 -0.517120 0.712003 0.344840 -0.531507 0.773683 0.199258 -0.875424 0.440374 0.082820 -0.798946 0.595672 -0.034199 -0.652859 0.756707 -0.177797 0.000000 0.984067 -0.177819 0.000000 0.984063 -0.177850 0.000000 0.984058 -0.177828 0.000000 0.984062 -0.503024 0.000000 0.864272 -0.503015 0.000000 0.864278 -0.503000 0.000000 0.864286 -0.503010 0.000000 0.864280 -0.752492 0.000000 0.658601 -0.752513 0.000000 0.658577 -0.752545 0.000000 0.658540 -0.752524 0.000000 0.658565 -0.913415 0.000000 0.407030 -0.913421 0.000000 0.407016 -0.913431 0.000000 0.406993 -0.913425 0.000000 0.407008 -0.990651 0.000000 0.136418 -0.990649 0.000000 0.136431 -0.990647 0.000000 0.136453 -0.990648 0.000000 0.136439 
						-0.146975 0.000524 0.989140 -0.146896 0.000297 0.989152 -0.146882 0.000297 0.989154 -0.146964 0.000524 0.989142 -0.116954 -0.000298 -0.993137 -0.116968 -0.000099 -0.993136 -0.116970 -0.000099 -0.993135 -0.116956 -0.000298 -0.993137 -0.811236 -0.000675 -0.584718 -0.811215 -0.000513 -0.584748 -0.811211 -0.000513 -0.584753 -0.811233 -0.000675 -0.584722 -0.751777 0.000095 0.659417 -0.751802 -0.000121 0.659389 -0.751806 -0.000121 0.659384 -0.751781 0.000095 0.659413 -0.950477 -0.000726 -0.310794 -0.950479 -0.000567 -0.310788 -0.950479 -0.000567 -0.310787 -0.950477 -0.000726 -0.310793 -0.997536 -0.004648 0.070008 -0.997444 -0.004667 0.071301 -0.958809 -0.004196 0.284019 -0.959311 -0.004186 0.282319 -0.959211 -0.014274 0.282329 -0.958710 -0.014265 0.284028 -0.832004 -0.012668 0.554626 -0.832403 -0.012709 0.554025 -0.832188 -0.024229 0.553964 -0.831787 -0.024275 0.554564 -0.615258 -0.022186 0.788014 -0.614754 -0.022172 0.788408 -0.614570 -0.030835 0.788259 -0.615073 -0.030881 0.787865 -0.318136 -0.028924 0.947604 -0.316158 -0.028891 0.948267 -0.316147 -0.029721 0.948245 -0.318125 -0.029737 0.947582 -0.056634 -0.029390 0.997962 -0.054838 -0.029370 0.998063 0.003644 -0.999993 0.001259 0.003666 -0.999992 0.001256 0.003240 -0.999984 0.004576 0.003217 -0.999984 0.004577 0.002591 -0.999987 0.004396 0.002589 -0.999987 0.004388 0.001287 -0.999973 0.007260 0.001289 -0.999973 0.007265 0.000046 -0.999979 0.006461 0.000044 -0.999979 0.006457 -0.001004 -0.999970 0.007629 -0.000999 -0.999970 0.007630 -0.002046 -0.999978 0.006348 -0.002051 -0.999978 0.006345 -0.001793 -0.999979 0.006186 -0.001783 -0.999979 0.006187 -0.002078 -0.999983 0.005379 -0.002100 -0.999984 0.005342 -0.000761 -0.999987 0.005042 -0.000750 -0.999987 0.005081 0.142565 0.000000 -0.989785 0.142565 0.000000 -0.989785 0.142565 0.000000 -0.989785 0.142565 0.000000 -0.989785 
						0.414714 0.000000 -0.909952 0.414709 0.000000 -0.909954 0.414700 0.000000 -0.909958 0.414705 0.000000 -0.909956 0.665787 0.000000 -0.746142 0.665790 0.000000 -0.746139 0.665796 0.000000 -0.746134 0.665793 0.000000 -0.746137 0.868753 0.000000 -0.495246 0.868751 0.000000 -0.495249 0.868749 0.000000 -0.495253 0.868750 0.000000 -0.495250 0.985189 0.000000 -0.171472 0.985195 0.000000 -0.171436 0.985204 0.000000 -0.171386 0.985198 0.000000 -0.171421 -0.089553 -0.063342 0.993966 -0.083310 -0.245904 0.965707 -0.077864 -0.489674 0.868422 -0.074288 -0.747692 0.659877 -0.075548 -0.730414 0.678813 -0.071756 -0.921264 0.382262 -0.072915 -0.919569 0.386104 -0.071359 -0.990649 0.116283 -0.071808 -0.991768 0.106014 -0.431874 -0.858843 0.275452 -0.329231 -0.854349 0.402113 -0.254770 -0.827048 0.501082 -0.371928 -0.855203 0.360967 -0.578408 -0.408186 0.706278 -0.320568 -0.404751 0.856395 -0.262496 -0.405125 0.875768 -0.506993 -0.449398 0.735526 -0.998388 -0.056698 -0.002522 -0.998461 -0.055397 -0.002474 -0.975566 -0.219689 -0.002717 -0.975406 -0.220398 -0.002612 -0.894025 -0.448007 -0.003055 -0.894285 -0.447487 -0.003083 -0.722535 -0.691326 -0.003391 -0.721996 -0.691888 -0.003453 -0.424880 -0.905239 -0.004381 -0.426700 -0.904384 -0.004081 -0.118004 -0.993002 -0.004745 -0.120504 -0.992701 -0.004874 0.147022 -0.989069 0.011291 0.142300 -0.988929 0.042072 0.401482 -0.908219 0.118113 0.364880 -0.900871 0.235149 0.283670 -0.892788 0.349945 0.548104 -0.493404 0.675377 0.306612 -0.471614 0.826782 0.085573 -0.460440 0.883557 -0.489033 -0.860573 0.142338 -0.418604 -0.873491 0.248563 -0.106731 -0.015150 0.994172 -0.097404 -0.001334 0.995244 -0.000000 -0.999989 -0.004777 -0.000000 -0.999989 -0.004777 0.999988 0.000000 0.004903 0.999988 0.000000 0.004888 0.999988 0.000000 0.004886 0.999988 0.000000 0.004899 -0.071729 -0.997424 0.000000 
						-0.071608 -0.997418 -0.005351 0.003814 0.000000 -0.999993 0.003768 0.000000 -0.999993 0.003779 0.000000 -0.999993 0.003817 0.000000 -0.999993 0.000000 0.000000 1.000000 0.000037 0.000000 1.000000 0.000072 0.000000 1.000000 0.000017 0.000000 1.000000 0.000000 -0.999988 0.004915 0.000000 -0.999988 0.004908 0.000000 -0.999988 0.004887 0.000000 -0.999988 0.004889 0.003874 -0.999992 0.000000 0.003841 -0.999993 0.000000 0.003779 -0.999992 0.001263 0.003847 -0.999992 0.001273 0.020889 -0.037429 0.999081 0.020889 -0.037450 0.999080 -0.054813 -0.037313 0.997799 -0.056608 -0.037301 0.997699 0.003820 -0.999993 0.000000 0.003820 -0.999993 0.000000 0.003839 -0.999993 0.000000 0.003838 -0.999993 0.000000 -0.999997 -0.000000 -0.002526 -0.999997 -0.000000 -0.002519 -0.999997 -0.000000 -0.002516 -0.999997 -0.000000 -0.002515 -0.123240 -0.992333 0.009306 -0.113024 -0.984807 0.131835 -0.102534 -0.988948 0.107093 -0.113524 -0.993535 0.000000 -0.089115 -0.403690 0.910545 -0.047868 -0.380885 0.923382 -0.999999 -0.000000 -0.001108 -0.999999 -0.000000 -0.001076 -0.999999 -0.000000 -0.001057 -0.999999 -0.000000 -0.001095 -0.997455 -0.000912 0.071298 -0.997546 -0.000980 0.070004 -0.999999 -0.001053 0.000000 -0.999999 -0.000984 0.000000 0.000000 0.000158 1.000000 0.000000 0.000138 1.000000 0.000000 0.000078 1.000000 0.000000 0.000091 1.000000 -0.000761 -0.999987 0.004954 -0.000770 -0.999987 0.004941 0.999988 0.000000 0.004923 0.999988 0.000000 0.004918 0.095794 -0.118949 0.988268 0.088399 -0.131965 0.987305 -0.013822 -0.119638 0.992721 0.000000 -0.119557 0.992827 0.055830 -0.160896 0.985391 -0.050274 -0.110511 0.992603 -0.011877 -0.160976 0.986887 -0.085482 -0.084255 0.992771 -0.105709 -0.054561 0.992899 -0.113583 -0.026887 0.993165 -0.101611 -0.006169 0.994805 -0.124642 -0.976158 0.177706 -0.098443 -0.905832 0.412041 
						-0.087379 -0.913391 0.397596 -0.281558 -0.813210 0.509328 -0.315206 -0.836889 0.447506 -0.149066 -0.747854 0.646911 -0.058909 -0.752731 0.655687 -0.057413 -0.741350 0.668659 -0.177102 -0.708640 0.682982 -0.200966 -0.716601 0.667904 -0.034915 -0.609212 0.792238 0.011180 -0.294287 0.955652 -0.175305 -0.373630 0.910861 0.053858 -0.200444 0.978224 -0.072486 -0.316042 0.945972 0.042943 -0.123196 0.991453 -0.026866 -0.249267 0.968062 -0.389179 -0.472137 0.790965 -0.221300 -0.461319 0.859192 -0.078246 -0.435022 0.897014 0.001403 -0.079393 0.996842 -0.017934 -0.252395 0.967458 -0.016855 -0.252312 0.967499 0.022794 -0.101652 0.994559 -0.042103 -0.485582 0.873177 -0.025773 -0.473408 0.880466 -0.087812 -0.460199 0.883463 0.006046 -0.000644 0.999981 -0.021266 -0.091458 0.995582 -0.008481 0.001199 0.999963 -0.039213 -0.082799 0.995794 -0.004203 0.001097 0.999991 -0.071091 -0.077958 0.994419 -0.002134 0.000660 0.999997 -0.107703 -0.054337 0.992697 -0.001101 -0.000011 0.999999 0.027019 0.000000 0.999635 0.000000 0.000000 1.000000 0.000000 0.000000 1.000000 -0.000000 0.000000 1.000000 0.000000 -0.000000 1.000000 0.000000 -0.000000 1.000000 -0.999988 -0.000000 -0.004979 -0.999998 -0.000000 -0.002076 -0.999997 -0.000000 -0.002302 -0.997876 -0.065003 -0.004263 -0.020368 -0.064280 0.997724 -0.032345 -0.246746 0.968540 -0.052643 -0.489849 0.870216 -0.073186 -0.730439 0.679045 -0.092258 -0.917458 0.386988 -0.048382 -0.253596 0.966099 -0.094055 -0.072183 0.992947 -0.144802 -0.118475 0.982342 -0.088534 -0.292268 0.952230 -0.129583 -0.181616 0.974794 -0.076067 -0.348307 0.934289 -0.124763 -0.258454 0.957933 -0.069712 -0.422957 0.903464 0.000316 -0.498665 0.866795 -0.005045 -0.526949 0.849882 0.012542 -0.566618 0.823885 0.013751 -0.628189 0.777939 0.042028 -0.735962 0.675717 0.074142 -0.751964 0.655022 0.102440 -0.775107 0.623470 
						0.106927 -0.808936 0.578091 0.055716 -0.921620 0.384074 0.117930 -0.922924 0.366475 0.143103 -0.930465 0.337278 0.204625 -0.926400 0.316088 0.009700 -0.994215 0.106965 0.075531 -0.992327 0.097889 0.018831 -0.996656 0.079512 0.240758 -0.967259 0.080281 -0.125149 -0.011512 0.992071 -0.153985 -0.054669 0.986560 -0.134839 -0.110614 0.984674 -0.125944 -0.165385 0.978154 -0.015712 -0.490514 0.871292 0.011559 -0.921387 0.388475 0.017381 -0.994045 0.107573 0.001171 -0.732484 0.680783 -0.132610 -0.333536 0.933364 -0.182891 -0.147517 0.972003 -0.146148 -0.081300 0.985916 -0.120015 -0.264910 0.956775 -0.074931 -0.561929 0.823785 -0.089238 -0.507707 0.856896 -0.022417 -0.775223 0.631289 -0.060827 -0.737360 0.672756 -0.031171 -0.944840 0.326046 -0.041567 -0.925183 0.377238 -0.126343 -0.989412 0.071423 -0.100575 -0.991071 0.087544 0.003803 -0.999993 0.000000 0.003817 -0.999993 0.000000 0.003825 -0.999993 0.000000 0.003807 -0.999993 0.000000 -0.999951 -0.009941 -0.000000 -0.999978 -0.006651 -0.000000 -0.999973 -0.007355 -0.000000 -0.999924 -0.012303 -0.000000 0.011047 -0.995311 0.096096 0.075793 -0.997124 0.000000 0.031775 -0.999495 0.000000 -1.000000 -0.000000 -0.000000 -1.000000 0.000000 0.000000 0.282997 -0.954517 0.093865 0.082459 -0.994318 0.067318 -0.073956 -0.919828 0.385288 -0.072566 -0.992319 0.100181 0.065000 -0.960844 0.269357 0.017792 -0.998153 0.058092 -0.140543 -0.222994 0.964635 -0.066894 -0.396427 0.915626 -0.093572 -0.060583 0.993768 -0.088928 -0.243936 0.965705 -0.149196 -0.008727 0.988769 -0.094032 0.000000 0.995569 0.087502 -0.811142 0.578267 -0.078255 -0.726594 0.682596 0.018188 -0.610120 0.792100 -0.083369 -0.490089 0.867676 0.000000 -0.000000 1.000000 -1.000000 0.000000 0.000069 -1.000000 0.000000 0.000047 -0.999999 -0.000000 -0.001318 0.004020 0.000000 0.999992 -0.035478 0.000000 0.999370 
						-0.054900 0.000000 0.998492 -0.054551 0.000000 0.998511 -0.346709 0.937785 0.018773 -0.325205 0.945216 0.028433 -0.401892 0.903453 0.149182 -0.419912 0.903425 0.086585 -0.506069 0.732091 0.456000 -0.468001 0.776624 0.421699 -0.357529 0.501365 0.787913 -0.336891 0.579052 0.742431 -0.097341 0.368291 0.924600 -0.093850 0.443311 0.891441 -1.000000 0.000000 0.000000 -1.000000 -0.000000 -0.000000 -0.999876 -0.015742 -0.000000 -0.996067 -0.016320 0.087088 -0.997947 -0.022289 0.060034 -0.999867 -0.016288 -0.000000 1.000000 0.000000 0.000000 1.000000 0.000000 0.000108 1.000000 0.000000 0.000264 1.000000 0.000000 0.000000 -0.999910 -0.013434 -0.000000 -0.999212 -0.025853 0.030125 -0.027971 0.999607 0.001828 -0.926092 -0.027884 0.376267 -0.926447 -0.030728 0.375169 -0.723721 -0.624281 0.294111 -0.609733 -0.595518 0.523053 -0.576254 -0.650820 0.494333 -0.720041 -0.630560 0.289716 1.000000 0.000000 0.000095 1.000000 0.000000 0.000052 1.000000 0.000000 0.000076 1.000000 0.000000 0.000022 -1.000000 0.000000 0.000108 -1.000000 0.000000 0.000000 -0.999879 -0.015551 -0.000000 -0.190245 -0.070320 0.979215 -0.150316 -0.131057 0.979913 -0.759013 0.000000 0.651075 -0.759018 0.000000 0.651069 -0.759019 0.000000 0.651069 -0.759014 0.000000 0.651075 -0.926761 -0.036297 0.373895 -0.999255 -0.027202 0.027361 0.119806 -0.000036 0.992797 0.119489 -0.000024 0.992836 0.119455 -0.000024 0.992840 0.119773 -0.000036 0.992801 0.003819 0.000000 -0.999993 0.003819 0.000000 -0.999993 0.003826 0.000000 -0.999993 0.003826 0.000000 -0.999993 0.024517 -0.999699 0.000000 -0.053816 -0.998551 0.000000 -0.000445 -1.000000 0.000000 -0.093029 -0.993017 0.072544 -0.811829 -0.000370 0.583894 -0.811847 -0.000195 0.583870 -0.811850 -0.000195 0.583865 -0.811832 -0.000370 0.583891 -0.999997 -0.000000 -0.002521 -0.999997 -0.000000 -0.002528 
						-0.999997 -0.000000 -0.002509 -0.997418 -0.001009 0.071802 -0.997411 -0.001049 0.071901 -0.999999 -0.001006 0.000000 -0.999999 -0.001011 0.000000 -0.093195 0.000073 0.995648 -0.093096 0.000143 0.995657 0.003816 0.000000 0.999993 0.003808 0.000000 0.999993 0.003807 0.000000 0.999993 0.003814 0.000000 0.999993 0.000000 -0.999988 0.004899 0.000000 -0.999988 0.004893 0.000000 -0.999988 0.004911 0.000000 -0.999988 0.004900 0.061328 0.000000 -0.998118 0.038392 0.000000 -0.999263 -0.001957 -0.000000 -0.999998 0.045207 0.000000 -0.998978 -0.574916 -0.000172 0.818212 -0.575018 -0.000181 0.818141 -0.575038 -0.000181 0.818127 -0.574933 -0.000172 0.818200 -0.988621 0.000045 0.150430 -0.988627 -0.000107 0.150389 -0.988628 -0.000107 0.150382 -0.988622 0.000045 0.150424 -0.012441 -0.000000 -0.999923 -0.061302 -0.000000 -0.998119 0.294919 -0.000287 -0.955522 0.294923 -0.000537 -0.955521 0.294924 -0.000537 -0.955521 0.294919 -0.000287 -0.955522 -0.119453 -0.992228 0.034850 -0.004886 -0.999988 -0.000000 -0.004886 -0.999988 -0.000000 -0.004924 -0.999988 -0.000000 -0.004876 -0.999988 -0.000000 -0.004943 -0.999988 -0.000000 -0.004930 -0.999988 -0.000000 -0.004956 -0.999988 -0.000000 -0.004876 -0.999988 -0.000000 -0.004794 -0.999988 -0.000000 -0.004889 -0.999988 -0.000000 -0.004874 -0.999988 -0.000000 -0.004865 -0.999988 -0.000000 -0.004902 -0.999988 -0.000000 -0.004908 -0.999988 -0.000000 -0.004921 -0.999988 -0.000000 -0.004920 -0.999988 -0.000000 -0.004932 -0.999988 -0.000000 -0.004858 -0.999988 -0.000000 -0.004881 0.000000 0.999988 -0.004879 0.000000 0.999988 -0.004920 -0.999988 0.000241 -0.004920 -0.999988 0.000485 -0.004632 -0.999987 0.001919 -0.004602 -0.999988 0.001906 -0.003522 -0.999988 0.003522 -0.003545 -0.999987 0.003545 -0.001905 -0.999988 0.004599 -0.001905 -0.999988 0.004599 -0.000491 -0.999987 0.004986 -0.000485 -0.999988 0.004922 
						-0.092136 0.000000 0.995746 -0.000000 -1.000000 -0.000000 0.000011 -1.000000 -0.000109 0.000011 -1.000000 -0.000109 -0.000000 -1.000000 -0.000000 -0.004884 -0.999988 -0.000000 -1.000000 0.000000 0.000000 -0.999999 -0.000000 -0.001316 -0.000000 -1.000000 -0.000000 0.000000 -1.000000 0.000108 0.000000 -1.000000 0.000108 -0.000000 -1.000000 -0.000000 0.000000 -1.000000 0.000108 0.000000 -1.000000 0.000000 0.000000 -0.004329 0.999991 0.020900 -0.004208 0.999773 0.020900 -0.004205 0.999773 0.000000 -0.004327 0.999991 0.000000 0.000000 1.000000 -0.104700 0.000430 0.994504 -0.104700 0.000433 0.994504 0.000000 -0.000000 1.000000 0.003785 -0.999993 0.000576 0.003821 -0.999993 0.000579 0.003629 -0.999992 0.001786 0.003683 -0.999992 0.001801 0.003206 -0.999991 0.002900 0.003214 -0.999991 0.002906 0.002279 -0.999990 0.003908 0.002263 -0.999990 0.003888 0.000994 -0.999988 0.004729 0.000986 -0.999988 0.004709 0.000158 -0.999988 0.004954 0.000157 -0.999988 0.004945 0.000000 -0.999988 0.004910 0.000000 -0.999988 0.004897 0.003813 -0.999993 0.000000 0.003877 -0.999992 0.000000 -0.914445 0.000060 0.404709 -0.914546 -0.000123 0.404482 -0.914564 -0.000123 0.404442 -0.914460 0.000060 0.404675 -0.842572 -0.000620 0.538583 -0.960811 -0.000820 0.277204 -0.960837 -0.000932 0.277111 -0.842618 -0.000586 0.538512 0.005408 -0.999985 -0.000600 0.005676 -0.999984 -0.000600 0.005795 -0.999983 -0.000600 0.005526 -0.999985 -0.000600 -0.004886 -0.999988 -0.000000 -0.004886 -0.999988 -0.000000 -0.004902 -0.999988 -0.000000 -0.004914 -0.999988 -0.000000 -0.634788 -0.000479 0.772686 -0.634788 -0.000442 0.772686 -0.347998 -0.000022 0.937495 -0.347910 -0.000183 0.937528 0.030045 0.000000 -0.999549 0.749616 -0.000481 -0.661872 0.749625 -0.000697 -0.661863 0.749626 -0.000697 -0.661861 0.749618 -0.000481 -0.661871 0.000010 0.000000 1.000000 
						-0.000359 0.000000 1.000000 -0.000361 0.000000 1.000000 -0.000001 -0.000000 1.000000 -0.997248 -0.002267 0.074104 -0.997248 -0.002293 0.074097 -0.960519 -0.002109 0.278207 -0.960492 -0.002153 0.278299 -0.960494 -0.001367 0.278299 -0.960520 -0.001414 0.278207 -0.843438 -0.001375 0.537225 -0.843438 -0.001292 0.537225 -0.843438 -0.001191 0.537225 -0.843438 -0.001159 0.537225 -0.633907 -0.000897 0.773409 -0.633907 -0.000929 0.773409 -0.633907 -0.000342 0.773409 -0.633907 -0.000399 0.773409 -0.349303 -0.000149 0.937010 -0.349391 -0.000148 0.936977 -0.349392 0.001894 0.936975 -0.349304 0.001958 0.937007 -0.095602 0.002096 0.995417 -0.095701 0.002146 0.995408 0.094800 -0.000051 0.995496 0.094899 -0.000054 0.995487 -0.000700 -0.000071 1.000000 -0.000700 -0.000067 1.000000 0.003579 -0.999994 -0.000001 0.003574 -0.999994 -0.000001 0.003474 -0.999994 0.000562 0.003494 -0.999994 0.000563 0.001750 -0.999976 0.006753 0.001749 -0.999976 0.006749 0.000367 -0.999975 0.007006 0.000366 -0.999975 0.007010 0.002262 -0.999990 0.003895 0.002280 -0.999990 0.003916 0.000999 -0.999988 0.004720 0.000989 -0.999988 0.004695 0.002829 -0.999992 0.002650 0.002813 -0.999993 0.002640 0.001964 -0.999992 0.003527 0.001975 -0.999992 0.003542 0.003089 -0.999994 0.001632 0.003106 -0.999994 0.001637 0.002735 -0.999993 0.002590 0.002721 -0.999993 0.002580 0.002582 -0.999997 0.000495 0.002562 -0.999997 0.000493 0.002361 -0.999996 0.001420 0.002381 -0.999996 0.001425 0.000400 0.000411 1.000000 0.000000 0.000191 1.000000 0.000000 0.000189 1.000000 0.000400 0.000391 1.000000 -0.095602 0.000594 0.995419 -0.095701 0.000557 0.995410 -0.999999 -0.001504 -0.000300 -0.997250 -0.001512 0.074097 -0.997249 -0.001515 0.074104 -0.999999 -0.001508 -0.000300 0.003726 -0.999993 -0.000000 0.003808 -0.999993 0.000000 0.003796 -0.999993 0.000000 
						0.003748 -0.999993 -0.000000 -0.498192 0.000135 0.867067 -0.498072 -0.000125 0.867135 -0.498049 -0.000125 0.867149 -0.498173 0.000135 0.867078 -0.270310 -0.000632 -0.962773 -0.270290 -0.000289 -0.962779 -0.270286 -0.000289 -0.962780 -0.270307 -0.000632 -0.962774 0.000382 0.000000 1.000000 0.000001 0.000000 1.000000 -0.000043 -0.000000 1.000000 0.000379 0.000000 1.000000 -0.403312 0.000710 0.915062 -0.403339 0.000538 0.915050 -0.403344 0.000538 0.915048 -0.403316 0.000710 0.915061 0.000198 0.000000 1.000000 0.000180 0.000000 1.000000 -0.000803 -0.000000 1.000000 -0.000894 -0.000000 1.000000 -0.659321 0.000772 0.751861 -0.659322 0.000715 0.751860 -0.659322 0.000715 0.751860 -0.659321 0.000772 0.751861 -0.193008 0.000080 0.981197 -0.192986 -0.000058 0.981202 -0.192981 -0.000058 0.981202 -0.193004 0.000080 0.981198 -0.071219 -0.000100 -0.997461 -0.071263 -0.000299 -0.997458 -0.071245 -0.000299 -0.997459 -0.071161 -0.000100 -0.997465 -0.866731 0.000620 0.498775 -0.866758 0.000769 0.498728 -0.866764 0.000769 0.498719 -0.866735 0.000620 0.498768 -0.999999 0.000000 0.001077 -1.000000 0.000000 0.000889 -1.000000 0.000000 0.000863 -0.999999 0.000000 0.001052 -0.980591 0.000294 0.196065 -0.980592 0.000628 0.196059 -0.980592 0.000628 0.196057 -0.980591 0.000294 0.196064 0.618994 -0.000214 0.785396 0.619178 -0.000186 0.785251 0.619213 -0.000186 0.785223 0.619024 -0.000214 0.785372 0.858137 -0.000258 0.513421 0.858067 -0.000412 0.513537 0.858054 -0.000412 0.513560 0.858126 -0.000258 0.513440 0.926982 -0.000596 -0.375104 0.926955 -0.000744 -0.375172 0.926950 -0.000744 -0.375185 0.926978 -0.000596 -0.375115 -0.999988 0.000100 0.004913 -0.999988 0.000300 0.004877 -0.999988 0.000300 0.004873 -0.999988 0.000100 0.004909 0.024473 -0.000100 -0.999700 0.024432 -0.000100 -0.999701 0.035800 -0.999359 0.000000 
						0.066857 -0.995925 0.060519 -0.071955 -0.997408 0.000000 0.003838 0.000000 -0.999993 0.003839 0.000000 -0.999993 0.003831 -0.999993 0.000000 0.003834 -0.999993 0.000000 0.003826 -0.999993 0.000000 0.003826 -0.999993 0.000000 -0.071725 -0.000000 -0.997424 -0.071582 -0.000000 -0.997435 0.003803 0.000100 0.999993 0.003803 0.000100 0.999993 0.003815 -0.999993 0.000000 0.003801 -0.999993 0.000001 0.003800 -0.999993 0.000001 -0.614427 -0.587083 0.527080 -0.583050 -0.640225 0.500163 -0.759004 -0.572014 0.310988 -0.560634 -0.674086 0.480934 -0.559003 -0.676433 0.479535 -0.644623 -0.527893 0.552983 -0.758995 0.000000 0.651096 -0.758995 0.000000 0.651096 -0.758995 0.000000 0.651096 -0.758995 0.000000 0.651096 -0.759019 0.000000 0.651069 -0.759014 0.000000 0.651075 -0.759013 0.000000 0.651075 -0.759018 0.000000 0.651070 0.558940 -0.512880 0.651567 0.436164 -0.742459 0.508444 0.398665 -0.790627 0.464731 0.532310 -0.575844 0.620524 -0.535942 -0.567840 -0.624759 -0.459865 -0.707919 -0.536074 -0.437989 -0.739920 -0.510573 -0.518216 -0.605411 -0.604094 -0.004882 0.000000 0.999988 -0.004881 0.000000 0.999988 -0.004887 -0.999988 -0.000000 0.000000 0.000000 1.000000 0.000003 0.000000 1.000000 0.000003 0.000000 1.000000 -0.000002 0.000000 1.000000 -0.004053 -0.999987 0.002926 -0.004054 -0.999988 0.002912 -0.002930 -0.999979 0.005694 -0.002933 -0.999979 0.005695 0.001561 -0.999982 0.005743 0.001558 -0.999982 0.005750 0.000822 -0.999985 0.005462 0.000814 -0.999985 0.005450 -0.004905 -0.999988 0.000842 -0.004874 -0.999988 0.000837 -0.004537 -0.999988 0.001598 -0.004596 -0.999988 0.001621 -0.002018 -0.999989 0.004194 -0.002023 -0.999989 0.004204 -0.001053 -0.999989 0.004625 -0.001052 -0.999989 0.004620 0.916972 0.000000 0.398952 0.916967 0.000000 0.398963 0.916952 0.000000 0.398996 0.916957 0.000000 0.398985 
						0.366391 0.000000 0.930461 0.366405 0.000000 0.930456 0.366440 0.000000 0.930442 0.366426 0.000000 0.930447 0.999989 0.000000 0.004629 0.999989 0.000000 0.004625 0.999989 0.000000 0.004625 0.999989 0.000000 0.004629 -0.004896 0.000000 0.999988 -0.004896 0.000000 0.999988 0.000993 -0.999989 0.004625 0.000000 -0.999989 0.004624 0.000000 -0.999989 0.004624 0.000985 -0.999989 0.004625 -0.004894 -0.999988 -0.000000 -0.004881 -0.999988 -0.000000 -0.004896 -0.999983 0.003072 -0.004896 -0.999983 0.003089 0.000000 -0.999989 0.004629 0.000000 -0.999989 0.004628 1.000000 0.000000 -0.000074 1.000000 0.000000 -0.000102 1.000000 0.000000 0.000000 1.000000 0.000000 0.000000 1.000000 0.000000 -0.000080 1.000000 0.000000 -0.000113 0.000000 0.000000 1.000000 -0.000001 0.000000 1.000000 0.003894 0.000300 0.999992 0.003884 0.000100 0.999992 0.003882 0.000100 0.999992 0.003895 0.000300 0.999992 -0.071210 -0.000100 -0.997461 -0.071022 -0.000100 -0.997475 0.003626 -0.999993 -0.000001 -0.090410 0.000000 0.995905 -0.090193 -0.061637 0.994015 -0.072086 -0.997398 0.000000 -0.072951 -0.991989 0.103133 -0.074753 -0.920137 0.384395 -0.078179 -0.729616 0.679374 -0.081393 -0.489975 0.867928 -0.085750 -0.244734 0.965791 -0.000222 0.000000 1.000000 -0.000223 0.000000 1.000000 -0.000249 0.000000 1.000000 -0.000248 0.000000 1.000000 0.000365 0.000313 1.000000 0.000000 0.000530 1.000000 0.004911 0.000000 0.999988 0.004904 0.000000 0.999988 0.004921 0.000000 0.999988 -0.127617 0.982942 0.132433 -0.122912 0.975978 0.179887 -0.072786 0.911385 0.405068 -0.079579 0.914885 0.395795 -0.019272 0.759969 0.649674 -0.011785 0.744617 0.667388 0.012345 0.478401 0.878055 0.051811 0.490862 0.869696 -0.338177 0.911528 0.233992 -0.302283 0.895599 0.326385 -0.213019 0.850705 0.480546 -0.235278 0.868575 0.436145 
						-0.097336 0.742348 0.662907 -0.120162 0.739014 0.662887 0.006887 0.467318 0.884062 0.090714 0.085078 0.992236 0.073791 0.259877 0.962818 0.059710 0.269834 0.961054 0.095131 0.116679 0.988603 0.048498 0.284275 0.957515 0.091888 0.146067 0.984998 -0.015002 0.364778 0.930974 0.106042 0.251584 0.962009 -0.160480 0.511894 0.843926 -0.035226 0.442896 0.895881 0.045973 0.359868 0.931870 -0.134487 0.434155 0.890743 -0.239905 0.468256 0.850401 -0.344866 0.531471 0.773696 -0.475021 0.517108 0.712008 -0.199258 0.875424 0.440374 -0.082782 0.798974 0.595640 0.034206 0.652863 0.756703 0.177797 0.000000 0.984067 0.177788 0.000000 0.984069 0.177780 0.000000 0.984070 0.177790 0.000000 0.984068 0.503011 0.000000 0.864280 0.502998 0.000000 0.864288 0.502989 0.000000 0.864293 0.503002 0.000000 0.864285 0.752494 0.000000 0.658598 0.752525 0.000000 0.658564 0.752545 0.000000 0.658540 0.752515 0.000000 0.658575 0.913414 0.000000 0.407031 0.913385 0.000000 0.407097 0.913366 0.000000 0.407140 0.913396 0.000000 0.407073 0.990631 0.000000 0.136564 0.990645 0.000000 0.136460 0.990655 0.000000 0.136394 0.990640 0.000000 0.136499 0.146893 -0.000524 0.989152 0.146902 -0.000524 0.989151 0.146963 -0.000297 0.989142 0.146953 -0.000297 0.989143 0.116981 0.000298 -0.993134 0.116977 0.000298 -0.993135 0.116944 0.000099 -0.993138 0.116948 0.000099 -0.993138 0.811237 0.000675 -0.584717 0.811234 0.000675 -0.584721 0.811213 0.000513 -0.584751 0.811217 0.000513 -0.584745 0.751776 -0.000095 0.659418 0.751781 -0.000095 0.659412 0.751816 0.000121 0.659373 0.751809 0.000121 0.659380 0.950478 0.000726 -0.310791 0.950483 0.000726 -0.310775 0.950519 0.000567 -0.310666 0.950512 0.000567 -0.310686 0.997536 0.004651 0.070008 0.959311 0.004185 0.282319 0.958809 0.004193 0.284019 
						0.997444 0.004668 0.071301 0.959212 0.014270 0.282329 0.832403 0.012710 0.554025 0.832003 0.012672 0.554626 0.958710 0.014264 0.284028 0.832191 0.024112 0.553965 0.614754 0.022126 0.788408 0.615258 0.022185 0.788014 0.831789 0.024202 0.554564 0.614570 0.030834 0.788260 0.316160 0.028752 0.948270 0.318139 0.028694 0.947610 0.615076 0.030790 0.787867 0.316147 0.029717 0.948245 0.054838 0.029366 0.998063 0.056634 0.029386 0.997962 0.318125 0.029734 0.947582 -0.003720 0.999992 0.001264 -0.003246 0.999984 0.004585 -0.003242 0.999984 0.004576 -0.003716 0.999992 0.001259 -0.002515 0.999987 0.004374 -0.001223 0.999973 0.007223 -0.001220 0.999973 0.007217 -0.002513 0.999987 0.004366 -0.000046 0.999979 0.006461 0.000999 0.999970 0.007630 0.001004 0.999970 0.007629 -0.000044 0.999979 0.006457 0.002046 0.999978 0.006348 0.001783 0.999979 0.006185 0.001794 0.999979 0.006184 0.002052 0.999978 0.006344 0.002078 0.999983 0.005380 0.000745 0.999987 0.005133 0.000753 0.999987 0.005128 0.002088 0.999983 0.005376 -0.142567 -0.000000 -0.989785 -0.142567 -0.000000 -0.989785 -0.142567 -0.000000 -0.989785 -0.142567 -0.000000 -0.989785 -0.414643 -0.000000 -0.909984 -0.414680 -0.000000 -0.909967 -0.414699 -0.000000 -0.909958 -0.414663 -0.000000 -0.909975 -0.665787 -0.000000 -0.746142 -0.665793 -0.000000 -0.746137 -0.665796 -0.000000 -0.746134 -0.665790 -0.000000 -0.746139 -0.868751 -0.000000 -0.495248 -0.868750 -0.000000 -0.495251 -0.868749 -0.000000 -0.495253 -0.868750 -0.000000 -0.495250 -0.985203 -0.000000 -0.171389 -0.985204 -0.000000 -0.171387 -0.985204 -0.000000 -0.171386 -0.985204 -0.000000 -0.171387 0.089525 0.063342 0.993968 0.083314 0.245904 0.965707 0.077854 0.489675 0.868423 0.075497 0.730417 0.678816 0.074270 0.747692 0.659879 0.072888 0.919571 0.386105 0.071702 0.921265 0.382268 
						0.071797 0.991769 0.106014 0.071352 0.990650 0.116283 0.431862 0.858851 0.275445 0.371897 0.855224 0.360950 0.254769 0.827050 0.501081 0.329230 0.854350 0.402112 0.578408 0.408186 0.706277 0.506988 0.449410 0.735523 0.262507 0.405090 0.875781 0.320566 0.404764 0.856390 -0.998388 -0.056698 0.002522 -0.975406 -0.220398 0.002612 -0.975566 -0.219689 0.002717 -0.998461 -0.055397 0.002474 -0.894285 -0.447487 0.003083 -0.894025 -0.448007 0.003055 -0.721996 -0.691888 0.003453 -0.722535 -0.691326 0.003391 -0.426700 -0.904384 0.004081 -0.424880 -0.905239 0.004381 -0.120504 -0.992701 0.004874 -0.118004 -0.993002 0.004745 -0.147005 0.989071 0.011289 -0.142252 0.988937 0.042058 -0.401482 0.908219 0.118113 -0.364880 0.900870 0.235149 -0.283670 0.892787 0.349945 -0.548085 0.493457 0.675354 -0.306619 0.471578 0.826800 -0.085572 0.460456 0.883548 0.489020 0.860581 0.142334 0.418546 0.873523 0.248551 0.097404 0.001334 0.995244 0.106731 0.015149 0.994172 0.000000 -0.999989 0.004777 0.000000 -0.999989 0.004777 -0.999988 0.000000 0.004895 -0.999988 0.000000 0.004887 -0.999988 0.000000 0.004886 -0.999988 0.000000 0.004885 0.071766 0.997421 0.000000 0.071607 0.997419 -0.005351 -0.003819 -0.000000 -0.999993 -0.003838 -0.000000 -0.999993 -0.003975 -0.000000 -0.999992 -0.003893 -0.000000 -0.999992 -0.000129 0.000000 1.000000 -0.000116 0.000000 1.000000 -0.000076 0.000000 1.000000 -0.000101 0.000000 1.000000 0.000000 0.999988 0.004904 0.000000 0.999988 0.004888 0.000000 0.999988 0.004886 0.000000 0.999988 0.004907 -0.003834 0.999993 0.000000 -0.003909 0.999992 0.001278 -0.003974 0.999991 0.001277 -0.003866 0.999992 0.000000 -0.020889 0.037429 0.999081 0.056608 0.037303 0.997699 0.054813 0.037317 0.997799 -0.020889 0.037452 0.999080 -0.003810 0.999993 0.000000 -0.003806 0.999993 0.000000 
						-0.003806 0.999993 0.000000 -0.003809 0.999993 0.000000 -0.999997 0.000000 0.002526 -0.999997 0.000000 0.002515 -0.999997 0.000000 0.002516 -0.999997 0.000000 0.002519 0.123248 0.992332 0.009307 0.113578 0.993529 0.000000 0.102528 0.988948 0.107094 0.113022 0.984807 0.131835 0.047863 0.380914 0.923371 0.089114 0.403719 0.910533 0.999999 0.000000 -0.001030 0.999999 0.000000 -0.000995 1.000000 0.000000 -0.000884 1.000000 0.000000 -0.000938 0.997455 0.000915 0.071298 0.999999 0.000986 0.000000 0.999999 0.001053 0.000000 0.997546 0.000982 0.070004 0.000000 -0.000200 1.000000 0.000000 -0.000118 1.000000 0.000000 -0.000106 1.000000 0.000000 -0.000175 1.000000 0.000767 0.999988 0.004888 0.000774 0.999988 0.004897 -0.999988 0.000000 0.004921 -0.999988 0.000000 0.004917 -0.095794 0.118950 0.988268 0.000000 0.119560 0.992827 0.013823 0.119640 0.992721 -0.088399 0.131967 0.987305 -0.055829 0.160896 0.985391 0.050274 0.110510 0.992603 0.011877 0.160975 0.986887 0.085481 0.084255 0.992771 0.105710 0.054562 0.992899 0.113583 0.026887 0.993165 0.101610 0.006169 0.994805 0.087355 0.913394 0.397594 0.098396 0.905841 0.412031 0.124605 0.976165 0.177696 0.315153 0.836912 0.447500 0.281551 0.813231 0.509298 0.149067 0.747853 0.646912 0.057404 0.741350 0.668659 0.058906 0.752732 0.655687 0.200955 0.716604 0.667904 0.177102 0.708640 0.682982 0.034915 0.609212 0.792239 0.175314 0.373615 0.910866 -0.011195 0.294316 0.955643 0.072494 0.316034 0.945974 -0.053847 0.200433 0.978226 0.026845 0.249277 0.968060 -0.042935 0.123192 0.991454 0.389129 0.472212 0.790946 0.221312 0.461308 0.859195 0.078280 0.435008 0.897017 -0.001424 0.079395 0.996842 -0.022773 0.101647 0.994560 0.016850 0.252313 0.967499 0.017955 0.252393 0.967458 0.025768 0.473409 0.880466 
						0.042114 0.485581 0.873177 0.087786 0.460205 0.883462 -0.006045 0.000644 0.999981 0.008482 -0.001199 0.999963 0.021296 0.091451 0.995582 0.004211 -0.001101 0.999990 0.039257 0.082777 0.995795 0.002135 -0.000661 0.999997 0.071064 0.077984 0.994419 0.001097 0.000018 0.999999 0.107678 0.054390 0.992697 -0.027020 0.000000 0.999635 -0.999988 0.000000 0.004979 -0.997876 -0.065003 0.004263 -0.999997 0.000000 0.002302 -0.999998 0.000000 0.002076 0.032349 0.246746 0.968540 0.020342 0.064281 0.997724 0.052644 0.489849 0.870216 0.073192 0.730439 0.679044 0.092257 0.917458 0.386988 0.048379 0.253596 0.966100 0.088525 0.292265 0.952231 0.144802 0.118475 0.982342 0.094059 0.072184 0.992946 0.076083 0.348318 0.934284 0.129468 0.181530 0.974826 0.069692 0.422933 0.903477 0.124676 0.258336 0.957976 -0.000327 0.498664 0.866795 0.004941 0.526924 0.849898 -0.012526 0.566626 0.823880 -0.013642 0.628281 0.777867 -0.042150 0.735954 0.675718 -0.074133 0.751965 0.655021 -0.102354 0.775140 0.623444 -0.106921 0.808939 0.578088 -0.055694 0.921621 0.384074 -0.117953 0.922920 0.366477 -0.143091 0.930468 0.337276 -0.204625 0.926400 0.316088 -0.009595 0.994217 0.106965 -0.075422 0.992335 0.097887 -0.018830 0.996656 0.079512 -0.240761 0.967259 0.080281 0.153986 0.054669 0.986559 0.125146 0.011512 0.992072 0.134724 0.110525 0.984700 0.125874 0.165284 0.978180 0.015713 0.490514 0.871292 -0.011546 0.921387 0.388476 -0.017386 0.994045 0.107573 -0.001171 0.732484 0.680783 0.132603 0.333534 0.933366 0.120015 0.264910 0.956775 0.146145 0.081300 0.985917 0.182877 0.147511 0.972006 0.074777 0.561897 0.823821 0.089089 0.507705 0.856913 0.022417 0.775223 0.631289 0.060818 0.737360 0.672756 0.031167 0.944840 0.326047 0.041565 0.925183 0.377238 0.126347 0.989412 0.071423 
						0.100573 0.991071 0.087544 -0.003807 0.999993 0.000000 -0.003802 0.999993 0.000000 -0.003804 0.999993 0.000000 -0.003812 0.999993 0.000000 -0.999951 -0.009941 0.000000 -0.999924 -0.012302 0.000000 -0.999973 -0.007355 0.000000 -0.999978 -0.006651 0.000000 -0.010914 0.995313 0.096092 -0.031702 0.999497 0.000000 -0.075662 0.997133 0.000000 -0.283011 0.954512 0.093865 -0.082461 0.994318 0.067318 0.072571 0.992319 0.100181 0.073956 0.919828 0.385288 -0.065000 0.960844 0.269357 -0.017784 0.998153 0.058092 0.140561 0.223014 0.964628 0.066902 0.396434 0.915622 0.088931 0.243936 0.965705 0.093577 0.060583 0.993767 0.149344 0.008737 0.988747 0.094093 0.000000 0.995563 -0.087505 0.811140 0.578268 0.078255 0.726594 0.682596 -0.018189 0.610119 0.792101 0.083372 0.490089 0.867676 -1.000000 -0.000000 -0.000069 -0.999999 0.000000 0.001318 -1.000000 -0.000000 -0.000047 0.035409 0.000000 0.999373 -0.004015 0.000000 0.999992 0.054945 0.000000 0.998489 0.054622 0.000000 0.998507 0.346962 -0.937691 0.018789 0.419939 -0.903412 0.086591 0.401922 -0.903438 0.149193 0.325465 -0.945126 0.028456 0.467934 -0.776698 0.421638 0.506005 -0.732172 0.455942 0.336892 -0.579046 0.742435 0.357530 -0.501358 0.787917 0.093850 -0.443310 0.891442 0.097341 -0.368294 0.924600 -0.999846 -0.017574 0.000000 -0.999866 -0.016380 0.000000 -0.997971 -0.021210 -0.060033 -0.996066 -0.016354 -0.087088 1.000000 0.000000 -0.000264 1.000000 0.000000 -0.000108 -0.999910 -0.013434 0.000000 -0.999197 -0.026401 -0.030125 -0.027971 0.999607 -0.001828 -0.926421 -0.031606 -0.375160 -0.926132 -0.026368 -0.376276 -0.723733 -0.624265 -0.294115 -0.720043 -0.630557 -0.289717 -0.576105 -0.651049 -0.494205 -0.609781 -0.595432 -0.523094 1.000000 0.000000 -0.000095 1.000000 0.000000 -0.000022 1.000000 0.000000 -0.000076 1.000000 0.000000 -0.000052 
						-1.000000 -0.000000 -0.000108 -0.999879 -0.015551 0.000000 0.190245 0.070320 0.979215 0.150252 0.130984 0.979932 -0.651091 0.000000 0.759000 -0.651090 0.000000 0.759000 -0.651084 0.000000 0.759006 -0.651084 0.000000 0.759005 -0.999255 -0.027225 -0.027361 -0.926748 -0.036673 -0.373889 -0.119801 0.000036 0.992798 -0.119769 0.000036 0.992802 -0.119452 0.000024 0.992840 -0.119486 0.000024 0.992836 -0.003813 -0.000000 -0.999993 -0.003804 -0.000000 -0.999993 -0.003804 -0.000000 -0.999993 -0.003813 -0.000000 -0.999993 -0.024550 0.999699 0.000000 0.093032 0.993017 0.072544 0.000450 1.000000 0.000000 0.053809 0.998551 0.000000 0.811620 0.000370 0.584185 0.811624 0.000370 0.584180 0.811649 0.000195 0.584145 0.811644 0.000195 0.584152 -0.999997 0.000000 0.002521 -0.999997 0.000000 0.002509 -0.999997 0.000000 0.002528 0.997418 0.000976 0.071802 0.999999 0.000978 0.000000 0.999999 0.000980 0.000000 0.997411 0.001023 0.071901 0.093096 -0.000172 0.995657 0.093195 -0.000106 0.995648 -0.003854 0.000000 0.999993 -0.003857 0.000000 0.999993 -0.003797 0.000000 0.999993 -0.003797 0.000000 0.999993 0.000000 0.999988 0.004890 0.000000 0.999988 0.004903 0.000000 0.999988 0.004892 0.000000 0.999988 0.004910 -0.061270 -0.000000 -0.998121 -0.045109 -0.000000 -0.998982 0.001948 0.000000 -0.999998 -0.038422 -0.000000 -0.999262 0.574925 0.000172 0.818206 0.574942 0.000172 0.818194 0.575042 0.000181 0.818124 0.575022 0.000181 0.818138 0.988676 -0.000045 0.150067 0.988676 -0.000045 0.150063 0.988680 0.000108 0.150039 0.988679 0.000108 0.150043 0.012445 0.000000 -0.999923 0.061324 0.000000 -0.998118 -0.294918 0.000287 -0.955522 -0.294919 0.000287 -0.955522 -0.294924 0.000537 -0.955520 -0.294924 0.000537 -0.955521 0.119375 0.992238 0.034827 0.004907 0.999988 0.000000 0.004905 0.999988 0.000000 
						0.004890 0.999988 0.000000 0.004920 0.999988 0.000000 0.004863 0.999988 0.000000 0.004884 0.999988 0.000000 0.004876 0.999988 0.000000 0.004836 0.999988 0.000000 0.004889 0.999988 0.000000 0.004794 0.999988 0.000000 0.004894 0.999988 0.000000 0.004833 0.999988 0.000000 0.004872 0.999988 0.000000 0.004828 0.999988 0.000000 0.004921 0.999988 0.000000 0.004906 0.999988 0.000000 0.004887 0.999988 0.000000 0.004845 0.999988 0.000000 0.004922 0.000000 0.999988 0.004931 0.000000 0.999988 0.004920 0.999988 0.000241 0.004599 0.999988 0.001905 0.004599 0.999988 0.001905 0.004900 0.999988 0.000482 0.003522 0.999988 0.003522 0.003545 0.999987 0.003545 0.001917 0.999987 0.004628 0.001905 0.999988 0.004600 0.000484 0.999988 0.004910 0.000478 0.999988 0.004850 0.092136 0.000000 0.995746 0.000011 -1.000000 0.000109 0.000011 -1.000000 0.000109 0.004923 0.999988 0.000000 -0.999999 0.000000 0.001316 -0.000000 -1.000000 -0.000108 -0.000000 -1.000000 -0.000108 -0.000000 -1.000000 -0.000108 -0.000000 0.004213 0.999991 -0.000000 0.004213 0.999991 -0.020900 0.004206 0.999773 -0.020900 0.004206 0.999773 0.104700 -0.000433 0.994504 0.104700 -0.000431 0.994504 -0.003823 0.999993 0.000579 -0.003687 0.999992 0.001802 -0.003667 0.999992 0.001797 -0.003815 0.999993 0.000578 -0.003213 0.999991 0.002905 -0.003203 0.999991 0.002899 -0.002263 0.999990 0.003888 -0.002279 0.999990 0.003907 -0.000986 0.999988 0.004709 -0.000994 0.999988 0.004728 -0.000156 0.999988 0.004944 -0.000156 0.999988 0.004929 0.000000 0.999988 0.004897 0.000000 0.999988 0.004887 -0.003822 0.999993 0.000000 -0.003838 0.999993 0.000000 0.914591 -0.000060 0.404380 0.914587 -0.000060 0.404389 0.914558 0.000123 0.404454 0.914563 0.000123 0.404443 0.842572 0.000584 0.538583 0.842618 0.000557 0.538512 
						0.960837 0.000903 0.277111 0.960811 0.000792 0.277204 -0.005407 0.999985 -0.000600 -0.005407 0.999985 -0.000600 -0.005407 0.999985 -0.000600 -0.005407 0.999985 -0.000600 0.004886 0.999988 0.000000 0.004892 0.999988 0.000000 0.004894 0.999988 0.000000 0.004890 0.999988 0.000000 0.634788 0.000442 0.772686 0.634788 0.000405 0.772686 0.347998 -0.000011 0.937495 0.347910 0.000146 0.937528 -0.029982 -0.000000 -0.999550 -0.749622 0.000481 -0.661866 -0.749622 0.000481 -0.661866 -0.749623 0.000697 -0.661865 -0.749623 0.000697 -0.661865 0.000008 0.000000 1.000000 0.000001 0.000000 1.000000 0.000363 0.000000 1.000000 0.000361 0.000000 1.000000 0.997248 0.002279 0.074104 0.960492 0.002160 0.278299 0.960519 0.002114 0.278207 0.997248 0.002303 0.074097 0.960494 0.001367 0.278299 0.843438 0.001153 0.537225 0.843438 0.001186 0.537225 0.960520 0.001364 0.278207 0.843438 0.001008 0.537225 0.633907 0.000879 0.773409 0.633907 0.000897 0.773409 0.843438 0.001026 0.537225 0.633907 0.000330 0.773409 0.349391 0.000144 0.936977 0.349303 0.000149 0.937010 0.633907 0.000391 0.773409 0.349392 -0.001894 0.936975 0.095701 -0.002277 0.995407 0.095602 -0.002280 0.995417 0.349304 -0.002011 0.937007 0.094800 -0.000051 -0.995496 -0.000700 -0.000067 -1.000000 -0.000700 -0.000071 -1.000000 0.094899 -0.000054 -0.995487 -0.003513 0.999994 -0.000001 -0.003534 0.999994 0.000566 -0.003563 0.999994 0.000568 -0.003488 0.999994 -0.000001 -0.001751 0.999976 0.006756 -0.000366 0.999975 0.007010 -0.000366 0.999975 0.007005 -0.001750 0.999976 0.006751 -0.002320 0.999989 0.003966 -0.000997 0.999988 0.004716 -0.000997 0.999988 0.004715 -0.002320 0.999989 0.003965 -0.002755 0.999993 0.002602 -0.001998 0.999992 0.003569 -0.002016 0.999992 0.003591 -0.002779 0.999993 0.002617 -0.003165 0.999994 0.001654 
						-0.002735 0.999993 0.002590 -0.002731 0.999993 0.002587 -0.003160 0.999994 0.001653 -0.002502 0.999997 0.000488 -0.002361 0.999996 0.001419 -0.002361 0.999996 0.001420 -0.002502 0.999997 0.000489 -0.000400 -0.000585 1.000000 -0.000400 -0.000581 1.000000 0.000000 -0.000190 1.000000 0.000000 -0.000195 1.000000 0.095602 -0.000600 0.995419 0.095701 -0.000596 0.995410 0.999999 0.001499 -0.000300 0.999999 0.001503 -0.000300 0.997249 0.001515 0.074104 0.997250 0.001511 0.074097 -0.003742 0.999993 -0.000000 -0.003747 0.999993 -0.000000 -0.003795 0.999993 0.000000 -0.003805 0.999993 0.000000 0.498182 -0.000135 0.867072 0.498163 -0.000135 0.867083 0.498039 0.000125 0.867154 0.498063 0.000125 0.867141 0.270231 0.000632 -0.962795 0.270233 0.000632 -0.962795 0.270241 0.000289 -0.962793 0.270239 0.000289 -0.962793 0.000000 0.000000 1.000000 0.000000 0.000000 1.000000 0.000025 0.000000 1.000000 0.000000 0.000000 1.000000 0.403316 -0.000710 0.915061 0.403310 -0.000710 0.915063 0.403271 -0.000538 0.915080 0.403278 -0.000538 0.915077 0.000170 0.000000 1.000000 0.000154 0.000000 1.000000 0.000528 0.000000 1.000000 0.000474 0.000000 1.000000 0.659320 -0.000772 0.751862 0.659328 -0.000772 0.751855 0.659388 -0.000715 0.751802 0.659377 -0.000715 0.751812 0.193012 -0.000080 0.981196 0.193008 -0.000080 0.981197 0.192984 0.000058 0.981202 0.192988 0.000058 0.981201 0.071233 0.000100 -0.997460 0.071162 0.000100 -0.997465 0.071245 0.000299 -0.997459 0.071262 0.000299 -0.997458 0.866731 -0.000620 0.498775 0.866729 -0.000620 0.498779 0.866717 -0.000769 0.498799 0.866720 -0.000769 0.498795 1.000000 -0.000000 0.000733 1.000000 -0.000000 0.000750 1.000000 -0.000000 0.000879 1.000000 -0.000000 0.000861 0.980590 -0.000294 0.196067 0.980591 -0.000294 0.196067 0.980591 -0.000628 0.196065 
						0.980591 -0.000628 0.196066 -0.619239 0.000215 0.785203 -0.619198 0.000214 0.785235 -0.618939 0.000186 0.785439 -0.618988 0.000186 0.785401 -0.858129 0.000258 0.513434 -0.858138 0.000258 0.513419 -0.858193 0.000412 0.513327 -0.858183 0.000412 0.513344 -0.926982 0.000596 -0.375106 -0.926978 0.000596 -0.375116 -0.926951 0.000744 -0.375181 -0.926956 0.000744 -0.375169 0.999988 -0.000100 0.004856 0.999988 -0.000100 0.004857 0.999988 -0.000300 0.004873 0.999988 -0.000300 0.004871 -0.024506 0.000100 -0.999700 -0.024463 0.000100 -0.999701 -0.066859 0.995925 0.060519 -0.035797 0.999359 0.000000 0.071964 0.997407 0.000000 -0.003807 -0.000000 -0.999993 -0.003807 -0.000000 -0.999993 -0.003833 0.999993 0.000000 -0.003802 0.999993 0.000000 -0.003825 0.999993 0.000000 -0.003822 0.999993 0.000000 0.071556 0.000000 -0.997437 0.071698 0.000000 -0.997426 -0.003801 -0.000100 0.999993 -0.003801 -0.000100 0.999993 -0.003797 0.999993 0.000000 -0.003798 0.999993 0.000001 -0.003798 0.999993 0.000001 -0.614427 -0.587083 -0.527080 -0.759004 -0.572014 -0.310988 -0.583050 -0.640225 -0.500163 -0.560656 -0.674054 -0.480953 -0.559023 -0.676404 -0.479552 -0.644826 -0.527462 -0.553157 0.000000 -1.000000 0.000000 0.000000 -1.000000 0.000000 0.000000 -1.000000 0.000000 0.000000 -1.000000 0.000000 0.651091 0.000000 -0.759000 0.651090 0.000000 -0.759000 0.651084 0.000000 -0.759006 0.651084 0.000000 -0.759005 0.558940 -0.512880 -0.651567 0.532310 -0.575844 -0.620524 0.398665 -0.790627 -0.464731 0.436164 -0.742459 -0.508444 -0.535942 -0.567840 0.624759 -0.518216 -0.605411 0.604094 -0.437989 -0.739920 0.510573 -0.459865 -0.707919 0.536074 0.004882 0.000000 0.999988 0.004892 0.000000 0.999988 0.004919 0.999988 0.000000 0.000004 0.000000 1.000000 0.000001 0.000000 1.000000 0.000006 0.000000 1.000000 0.000006 0.000000 1.000000 
						0.004053 0.999987 0.002926 0.002964 0.999979 0.005708 0.002970 0.999979 0.005710 0.004065 0.999988 0.002914 -0.001561 0.999982 0.005744 -0.000821 0.999985 0.005418 -0.000831 0.999985 0.005420 -0.001561 0.999982 0.005742 0.004884 0.999988 0.000838 0.004564 0.999988 0.001609 0.004578 0.999988 0.001614 0.004892 0.999988 0.000840 0.002036 0.999989 0.004235 0.001055 0.999989 0.004639 0.001053 0.999989 0.004625 0.002024 0.999989 0.004208 -0.916954 0.000000 0.398992 -0.916966 0.000000 0.398966 -0.916970 0.000000 0.398957 -0.916958 0.000000 0.398984 -0.366430 0.000000 0.930445 -0.366409 0.000000 0.930454 -0.366400 0.000000 0.930457 -0.366422 0.000000 0.930449 -0.999989 0.000000 0.004624 -0.999989 0.000000 0.004624 -0.999989 0.000000 0.004626 -0.999989 0.000000 0.004626 0.004896 0.000000 0.999988 0.004896 0.000000 0.999988 -0.000993 0.999989 0.004625 -0.000985 0.999989 0.004625 0.000000 0.999989 0.004629 0.000000 0.999989 0.004629 0.004886 0.999988 0.000000 0.004896 0.999983 0.003089 0.004896 0.999983 0.003072 0.004886 0.999988 0.000000 0.000000 0.999989 0.004624 0.000000 0.999989 0.004625 1.000000 0.000000 0.000074 1.000000 0.000000 0.000103 1.000000 0.000000 0.000114 1.000000 0.000000 0.000080 -0.000000 0.000000 1.000000 0.000000 0.000000 1.000000 -0.003807 -0.000300 0.999993 -0.003808 -0.000300 0.999993 -0.003845 -0.000100 0.999993 -0.003842 -0.000100 0.999993 0.071249 0.000100 -0.997459 0.071047 0.000100 -0.997473 -0.003640 0.999993 -0.000001 0.090461 0.000000 0.995900 0.090132 0.061638 0.994021 0.072158 0.997393 0.000000 0.072969 0.991988 0.103133 0.074738 0.920138 0.384395 0.078126 0.729619 0.679377 0.081392 0.489975 0.867928 0.085736 0.244734 0.965792 -0.991409 -0.130801 -0.000000 -0.991409 -0.130801 -0.000000 -0.991409 -0.130801 -0.000000 
						-0.991409 -0.130801 -0.000000 
					</float_array>
					<technique_common>
						<accessor count="1601" offset="0" source="#meshId0-bitangents-array" stride="3">
							<param name="X" type="float" />
							<param name="Y" type="float" />
							<param name="Z" type="float" />
						</accessor>
					</technique_common>
				</source>
				<source id="meshId0-tex0" name="meshId0-tex0">
					<float_array id="meshId0-tex0-array" count="3202"> 
						0.738550 0.001744 0.738505 0.271783 0.730641 0.271782 0.729490 0.001742 0.033445 0.628676 0.004361 0.628678 0.004424 0.369675 0.033550 0.369675 0.371863 0.872029 0.365427 0.865865 0.375384 0.865816 0.315864 0.725632 0.315421 0.716184 0.329861 0.713780 0.330514 0.723454 0.315768 0.706211 0.329690 0.704840 0.316658 0.695379 0.330309 0.695691 0.334200 0.723025 0.331793 0.713727 0.343804 0.709056 0.347034 0.717242 0.330283 0.704951 0.341128 0.702168 0.341364 0.695416 0.319815 0.672222 0.333155 0.673037 0.331604 0.684898 0.318125 0.683962 0.345929 0.674070 0.343537 0.685843 0.357605 0.675799 0.353084 0.687328 0.348802 0.696662 0.376720 0.681418 0.370874 0.692975 0.361836 0.689874 0.367736 0.678132 0.364132 0.704436 0.355873 0.700283 0.359185 0.711115 0.353827 0.703724 0.348509 0.697901 0.730043 0.284897 0.738504 0.289970 0.738503 0.301660 0.730397 0.296784 0.729219 0.299843 0.738503 0.301660 0.738507 0.313666 0.729585 0.311906 0.729490 0.314845 0.738507 0.313666 0.738514 0.326164 0.729783 0.327295 0.730506 0.329822 0.738514 0.326164 0.738523 0.339136 0.730682 0.342710 0.731988 0.344753 0.738523 0.339136 0.738536 0.352393 0.732048 0.357966 
						0.248298 0.746420 0.235107 0.746470 0.235305 0.743711 0.247918 0.743679 0.079968 0.721054 0.094049 0.722712 0.093744 0.725302 0.079859 0.723659 0.042322 0.707978 0.052509 0.713954 0.050947 0.715952 0.041385 0.710334 0.858510 0.326074 0.858503 0.313635 0.861233 0.314088 0.861245 0.325654 0.032522 0.702168 0.042322 0.707978 0.040714 0.709938 0.031605 0.704531 0.732048 0.357966 0.723501 0.357879 0.723441 0.344706 0.731988 0.344753 0.730682 0.342710 0.722135 0.342750 0.721959 0.329901 0.730506 0.329822 0.729783 0.327295 0.721238 0.327474 0.720945 0.315064 0.729490 0.314845 0.729585 0.311906 0.721043 0.312200 0.720678 0.300178 0.729219 0.299843 0.730397 0.296784 0.721856 0.297126 0.721504 0.285280 0.730043 0.284897 0.230075 0.881534 0.229916 0.872988 0.243175 0.872937 0.243294 0.881484 0.245342 0.882775 0.245229 0.874228 0.258222 0.874174 0.258296 0.882721 0.260756 0.883402 0.260694 0.874855 0.273245 0.874801 0.273269 0.883348 0.276013 0.883226 0.276003 0.874679 0.288095 0.874625 0.288069 0.883172 0.290796 0.882083 0.290829 0.873535 0.302629 0.873478 0.302561 0.882025 0.229916 0.872988 0.235449 0.866466 0.248708 0.866415 0.243175 0.872937 
						0.245229 0.874228 0.248708 0.866415 0.261701 0.866361 0.258222 0.874174 0.260694 0.874855 0.261701 0.866361 0.274252 0.866307 0.273245 0.874801 0.276003 0.874679 0.274252 0.866307 0.286344 0.866253 0.288095 0.874625 0.290829 0.873535 0.286344 0.866253 0.298144 0.866195 0.302629 0.873478 0.303554 0.670747 0.302501 0.682712 0.301566 0.694247 0.315072 0.706133 0.300718 0.705061 0.313597 0.716027 0.299957 0.715039 0.312281 0.725431 0.299265 0.724494 0.042322 0.707978 0.032522 0.702168 0.046713 0.678234 0.056338 0.684207 0.017289 0.684422 0.012631 0.674145 0.038263 0.662663 0.043149 0.672549 0.151116 0.367467 0.202578 0.367597 0.202547 0.379810 0.151456 0.379652 0.202513 0.391403 0.151852 0.391219 0.202479 0.401915 0.152272 0.401714 0.202444 0.411219 0.152667 0.410978 0.202404 0.419693 0.152998 0.419457 0.317159 0.734367 0.331811 0.732189 0.337797 0.730908 0.350735 0.724999 0.363047 0.718868 0.371873 0.708880 0.378537 0.697082 0.384525 0.685420 0.052509 0.713954 0.066591 0.689945 0.033471 0.646089 0.004372 0.646125 0.152963 0.427340 0.202366 0.427576 0.316233 0.866106 0.365427 0.865865 0.359263 0.872302 0.318742 0.872500 0.298627 0.733353 
						0.311645 0.734285 0.224011 0.866509 0.235449 0.866466 0.229065 0.872157 0.224033 0.872176 0.738505 0.271783 0.738504 0.289970 0.731080 0.283473 0.730641 0.271783 0.318702 0.881047 0.318742 0.872500 0.359263 0.872302 0.359304 0.880848 0.224066 0.880723 0.224033 0.872176 0.229065 0.872157 0.229225 0.880703 0.722100 0.272103 0.730641 0.271783 0.731080 0.283473 0.722544 0.283924 0.088943 0.881239 0.088910 0.872692 0.210579 0.872228 0.210612 0.880775 0.202615 0.352822 0.151153 0.352692 0.151170 0.345948 0.204086 0.345525 0.079968 0.721054 0.083420 0.692820 0.097394 0.694283 0.094049 0.722712 0.008223 0.664215 0.034124 0.652722 0.738536 0.352393 0.738552 0.367408 0.732885 0.367414 0.732876 0.358805 0.724329 0.358686 0.732876 0.358805 0.732885 0.367414 0.724338 0.367423 0.738550 0.001744 0.858547 0.001763 0.858499 0.271860 0.738505 0.271783 0.303772 0.881121 0.303842 0.872573 0.298144 0.866195 0.303842 0.872573 0.386067 0.676946 0.377351 0.675901 0.379769 0.655816 0.388485 0.656863 0.367909 0.675333 0.370348 0.655098 0.357607 0.674762 0.360050 0.654350 0.348387 0.653472 0.335541 0.652431 0.321946 0.651368 0.071170 0.691035 0.071719 0.682874 
						0.083723 0.685071 0.059631 0.677661 0.069200 0.682407 0.051766 0.672487 0.072195 0.675262 0.083699 0.676939 0.062364 0.672093 0.071167 0.675159 0.056549 0.668013 0.041824 0.650491 0.046012 0.660527 0.050423 0.649132 0.053403 0.658977 0.060287 0.648351 0.061543 0.658353 0.050320 0.669589 0.056399 0.667013 0.062681 0.666463 0.082665 0.648340 0.083142 0.658454 0.071723 0.658394 0.071186 0.648116 0.083482 0.668047 0.072140 0.667560 0.071882 0.667495 0.082921 0.630655 0.071256 0.647915 0.071359 0.630203 0.060333 0.647453 0.060362 0.629772 0.050369 0.646963 0.050368 0.629359 0.041560 0.646493 0.041536 0.628986 0.123430 0.621184 0.083386 0.369675 0.123329 0.369675 0.050555 0.369675 0.060610 0.369675 0.041654 0.369675 0.151463 0.240843 0.187513 0.241022 0.190093 0.247011 0.151421 0.246468 0.097583 0.648421 0.097832 0.658888 0.097947 0.668732 0.097934 0.677912 0.097754 0.686345 0.148596 0.660249 0.150229 0.650371 0.153824 0.650931 0.152042 0.660686 0.157454 0.651628 0.155485 0.661473 0.160556 0.652346 0.158391 0.662442 0.147297 0.669505 0.150710 0.669817 0.154104 0.670711 0.156898 0.671993 0.145590 0.678237 0.149105 0.678462 0.152604 0.679506 
						0.155385 0.681156 0.143346 0.686739 0.147126 0.686976 0.150893 0.688275 0.153824 0.690371 0.140038 0.694991 0.144016 0.695700 0.147886 0.697162 0.151146 0.700354 0.153154 0.632253 0.156929 0.632830 0.160754 0.633455 0.163971 0.634011 0.098229 0.669116 0.099406 0.687385 0.099971 0.695654 0.098789 0.678641 0.178709 0.671029 0.181201 0.658663 0.183771 0.659231 0.181337 0.671570 0.175843 0.683280 0.178672 0.683769 0.172454 0.694684 0.175305 0.695149 0.168675 0.704880 0.171410 0.705101 0.163551 0.714018 0.166304 0.714957 0.088366 0.747029 0.088889 0.867025 0.043665 0.867198 0.043117 0.747201 0.151463 0.240843 0.151421 0.246468 0.150766 0.243651 0.149115 0.240820 0.144015 0.695704 0.136585 0.724693 0.131766 0.724924 0.423799 0.241078 0.423799 0.247060 0.147883 0.697166 0.151141 0.700359 0.284818 0.713894 0.284099 0.723378 0.165605 0.703461 0.160672 0.712073 0.178175 0.657900 0.175763 0.670103 0.288604 0.669385 0.287515 0.681422 0.188107 0.638675 0.290544 0.648435 0.169466 0.693367 0.285617 0.703871 0.172811 0.682170 0.286516 0.693020 0.071700 0.369675 0.152351 0.195134 0.167784 0.206958 0.151883 0.206958 0.124757 0.624350 0.127092 0.627391 
						0.134019 0.630512 0.130496 0.629521 0.134636 0.628615 0.134019 0.630512 0.130496 0.629521 0.131536 0.627489 0.127092 0.627391 0.128784 0.625556 0.124757 0.624350 0.126708 0.623065 0.123430 0.621184 0.125314 0.620309 0.423799 0.195102 0.423799 0.206957 0.129160 0.223649 0.129472 0.204692 0.131911 0.204732 0.129752 0.227437 0.423799 0.149527 0.174206 0.149554 0.160628 0.123980 0.423799 0.123522 0.133884 0.233133 0.149702 0.206713 0.132016 0.200803 0.132201 0.194519 0.149835 0.195038 0.150443 0.193497 0.172300 0.168011 0.174209 0.169647 0.152351 0.195134 0.152342 0.117807 0.154287 0.121076 0.157196 0.123244 0.152343 0.124072 0.174209 0.169647 0.423799 0.169620 0.131481 0.230909 0.185041 0.638038 0.181596 0.637313 0.026387 0.001731 0.026387 0.032550 0.021478 0.032550 0.021478 0.001731 0.152351 0.195134 0.151883 0.206958 0.386067 0.676946 0.388485 0.656863 0.391552 0.657232 0.389155 0.677019 0.088889 0.867025 0.088910 0.872692 0.043687 0.872865 0.043665 0.867198 0.100536 0.725689 0.161066 0.723503 0.158510 0.723425 0.163549 0.714021 0.012631 0.674145 0.017289 0.684422 0.014758 0.685098 0.010452 0.675601 0.208236 0.339347 0.151187 0.339203 
						0.214436 0.335228 0.738536 0.352393 0.858533 0.352154 0.858548 0.367196 0.738552 0.367408 0.858500 0.290070 0.738504 0.289970 0.210098 0.746567 0.088366 0.747029 0.088695 0.744261 0.210087 0.743800 0.315569 0.746112 0.315540 0.740817 0.364813 0.740575 0.364839 0.745871 0.136585 0.724693 0.155721 0.723468 0.157558 0.726438 0.134285 0.727626 0.008223 0.664215 0.012631 0.674145 0.010132 0.674795 0.005977 0.665487 0.858533 0.352154 0.858519 0.338964 0.861262 0.339328 0.861291 0.351944 0.158510 0.723425 0.161066 0.723503 0.317159 0.734367 0.331811 0.732189 0.331855 0.735297 0.317848 0.737398 0.067559 0.719517 0.404654 0.712649 0.394880 0.713749 0.391733 0.707249 0.403838 0.705886 0.386778 0.716599 0.380825 0.711086 0.380359 0.721008 0.372183 0.717021 0.376251 0.726543 0.366652 0.724473 0.374734 0.733197 0.364775 0.732713 0.374796 0.745822 0.375384 0.865816 0.365427 0.865865 0.364839 0.745871 0.374770 0.740527 0.364813 0.740575 0.405404 0.865669 0.405434 0.871865 0.418607 0.712580 0.418573 0.705814 0.425997 0.705777 0.426030 0.712544 0.433421 0.705741 0.433454 0.712508 0.440844 0.705705 0.440877 0.712471 0.448268 0.705668 0.448301 0.712435 
						0.305506 0.649789 0.423799 0.340600 0.221734 0.340578 0.221735 0.333794 0.423799 0.333816 0.405404 0.865669 0.423799 0.333816 0.221735 0.333794 0.423799 0.169620 0.174209 0.169647 0.174208 0.167133 0.423799 0.167106 0.174206 0.149554 0.423799 0.149527 0.729490 0.001742 0.730641 0.271782 0.722094 0.271818 0.720943 0.001779 0.125656 0.369675 0.125758 0.621183 0.123430 0.621184 0.123329 0.369675 0.235449 0.866466 0.235107 0.746470 0.248298 0.746420 0.248708 0.866415 0.261207 0.746367 0.261701 0.866361 0.273696 0.746313 0.274252 0.866307 0.285700 0.746259 0.286344 0.866253 0.297452 0.746201 0.298144 0.866195 0.316233 0.866106 0.365427 0.865865 0.224011 0.866509 0.223551 0.746515 0.858519 0.338964 0.858510 0.326074 0.861245 0.326491 0.861261 0.338595 0.858510 0.326074 0.858519 0.338964 0.738523 0.339136 0.738514 0.326164 0.315540 0.740817 0.315569 0.746112 0.312802 0.746128 0.312773 0.740832 0.371905 0.880576 0.371863 0.872029 0.405434 0.871865 0.405476 0.880412 0.858503 0.313635 0.738507 0.313666 0.858499 0.301716 0.738503 0.301660 0.131766 0.724924 0.337797 0.730908 0.350735 0.724999 0.351565 0.727933 0.339422 0.733488 0.858499 0.271860 
						0.858547 0.001763 0.861314 0.001764 0.861266 0.271860 0.866587 0.351927 0.861291 0.351944 0.861262 0.339328 0.866558 0.339314 0.866557 0.338585 0.861261 0.338595 0.861245 0.326491 0.866541 0.326483 0.866540 0.325647 0.861245 0.325654 0.861233 0.314088 0.866529 0.314084 0.866528 0.313180 0.861233 0.313181 0.861229 0.302166 0.866525 0.302168 0.866525 0.301278 0.861229 0.301265 0.861254 0.290338 0.866550 0.290353 0.043931 0.019595 0.038635 0.019599 0.038635 0.001747 0.043931 0.001744 0.223540 0.743752 0.223522 0.738456 0.234873 0.738417 0.234887 0.743712 0.286135 0.743526 0.286096 0.738231 0.297132 0.738153 0.297174 0.743448 0.274137 0.743581 0.274112 0.738286 0.285211 0.738235 0.285240 0.743531 0.261616 0.743630 0.261596 0.738334 0.273209 0.738290 0.273231 0.743585 0.248656 0.743676 0.248641 0.738381 0.260757 0.738338 0.260776 0.743634 0.235305 0.743711 0.235296 0.738415 0.247906 0.738384 0.247918 0.743679 0.861266 0.271860 0.861314 0.001764 0.866610 0.001765 0.866562 0.271865 0.861254 0.289801 0.866550 0.289808 0.861315 0.367193 0.861292 0.352359 0.866588 0.352346 0.866610 0.367181 0.210087 0.743800 0.088695 0.744261 0.099352 0.738925 
						0.210067 0.738505 0.858503 0.313635 0.858499 0.301716 0.861229 0.302166 0.861233 0.313181 0.067559 0.719517 0.079968 0.721054 0.079451 0.723625 0.067584 0.722140 0.004424 0.369675 0.004361 0.628678 0.001709 0.628678 0.001771 0.369674 0.261207 0.746367 0.248298 0.746420 0.248656 0.743676 0.260776 0.743634 0.858500 0.290070 0.861254 0.289801 0.004372 0.646125 0.001734 0.645870 0.273696 0.746313 0.261207 0.746367 0.261616 0.743630 0.273231 0.743585 0.858499 0.301716 0.858500 0.290070 0.861254 0.290338 0.861229 0.301265 0.298627 0.733353 0.311645 0.734285 0.311187 0.737375 0.298404 0.736467 0.285700 0.746259 0.273696 0.746313 0.274137 0.743581 0.285240 0.743531 0.858548 0.367196 0.858533 0.352154 0.861292 0.352359 0.861315 0.367193 0.297452 0.746201 0.285700 0.746259 0.286135 0.743526 0.297174 0.743448 0.378537 0.697082 0.384525 0.685420 0.387122 0.687089 0.381475 0.698030 0.371873 0.708880 0.378537 0.697082 0.380974 0.699037 0.374808 0.709950 0.350735 0.724999 0.363047 0.718868 0.363941 0.721782 0.352492 0.727489 0.315569 0.746112 0.297452 0.746201 0.297705 0.743446 0.315556 0.743346 0.100536 0.725689 0.100600 0.728430 0.155721 0.723468 
						0.160669 0.712077 0.283448 0.732262 0.210558 0.866561 0.210579 0.872228 0.210098 0.746567 0.210558 0.866561 0.043719 0.881412 0.043687 0.872865 0.283448 0.732262 0.283224 0.735393 0.043117 0.747201 0.043106 0.744435 0.077040 0.739010 0.043106 0.744435 0.043082 0.739139 0.136452 0.181962 0.150327 0.191722 0.134924 0.182284 0.152534 0.156609 0.152146 0.154632 0.169983 0.168481 0.006641 0.032550 0.006641 0.001731 0.021478 0.001731 0.021478 0.032550 0.001732 0.032550 0.001732 0.001731 0.006641 0.001731 0.006641 0.032550 0.152534 0.156609 0.169983 0.168481 0.161679 0.170306 0.153985 0.163184 0.150327 0.191722 0.136452 0.181962 0.142190 0.179777 0.149977 0.187041 0.419356 0.865601 0.419386 0.871797 0.419356 0.865601 0.586293 0.015660 0.700206 0.018752 0.678570 0.027405 0.582169 0.021832 0.534515 0.882345 0.534371 0.873798 0.557752 0.873685 0.557816 0.882232 0.550068 0.883402 0.550034 0.874855 0.572821 0.874748 0.572799 0.883296 0.529100 0.865064 0.528460 0.712042 0.551762 0.711930 0.552481 0.864950 0.552481 0.864950 0.551762 0.711930 0.574493 0.711824 0.575269 0.864844 0.575269 0.864844 0.572821 0.874748 0.550034 0.874855 0.552481 0.864950 
						0.552481 0.864950 0.557752 0.873685 0.534371 0.873798 0.529100 0.865064 0.575269 0.864844 0.766234 0.863960 0.766271 0.872066 0.569111 0.872978 0.529100 0.865064 0.537235 0.871220 0.569111 0.872978 0.766271 0.872066 0.766311 0.880613 0.569083 0.881525 0.419428 0.880343 0.419386 0.871797 0.537235 0.871220 0.537387 0.879766 0.766234 0.863960 0.765526 0.710940 0.232267 0.462321 0.221734 0.340578 0.423799 0.340600 0.423799 0.462334 0.211324 0.453334 0.214434 0.339125 0.568715 0.027405 0.575996 0.025957 0.235107 0.746470 0.223551 0.746515 0.223540 0.743752 0.234887 0.743712 0.290838 0.732795 0.290563 0.735911 0.216566 0.738481 0.298021 0.649109 0.296669 0.670122 0.290838 0.732795 0.291483 0.723925 0.292332 0.714469 0.293277 0.704482 0.294326 0.693667 0.295460 0.682112 0.870207 0.994931 0.861147 0.994933 0.862289 0.724893 0.870153 0.724891 0.033445 0.110673 0.004361 0.110671 0.458005 0.478537 0.461525 0.484750 0.451568 0.484701 0.315864 0.013718 0.330514 0.015895 0.329861 0.025569 0.315421 0.023165 0.329690 0.034509 0.315767 0.033138 0.330309 0.043658 0.316658 0.043970 0.334200 0.016324 0.347033 0.022107 0.343804 0.030294 0.331793 0.025622 
						0.341128 0.037181 0.330283 0.034398 0.341364 0.043933 0.319815 0.067127 0.318125 0.055387 0.331603 0.054451 0.333155 0.066312 0.343537 0.053506 0.345929 0.065279 0.353084 0.052021 0.357605 0.063550 0.348802 0.042687 0.376720 0.057932 0.367735 0.061217 0.361836 0.049475 0.370874 0.046374 0.355873 0.039066 0.364131 0.034914 0.359185 0.028234 0.353827 0.035625 0.348509 0.041448 0.861691 0.711778 0.862044 0.699891 0.870150 0.695014 0.870151 0.706705 0.860866 0.696831 0.861232 0.684769 0.870154 0.683009 0.870150 0.695014 0.861136 0.681830 0.861429 0.669380 0.870160 0.670511 0.870154 0.683009 0.862152 0.666853 0.862328 0.653965 0.870169 0.657538 0.870160 0.670511 0.863634 0.651922 0.863694 0.638709 0.870182 0.644282 0.870169 0.657538 0.334439 0.604147 0.334059 0.606887 0.321447 0.606856 0.321248 0.604096 0.079968 0.018296 0.079859 0.015690 0.093744 0.014048 0.094049 0.016637 0.042322 0.031371 0.041385 0.029015 0.050947 0.023397 0.052508 0.025395 0.990156 0.670597 0.992891 0.671017 0.992879 0.682582 0.990150 0.683035 0.032522 0.037181 0.031604 0.034818 0.040714 0.029412 0.042322 0.031371 0.863694 0.638709 0.863634 0.651922 0.855086 0.651969 
						0.855146 0.638796 0.862328 0.653965 0.862152 0.666853 0.853605 0.666774 0.853780 0.653925 0.861429 0.669380 0.861136 0.681830 0.852592 0.681611 0.852884 0.669202 0.861232 0.684769 0.860866 0.696831 0.852325 0.696498 0.852690 0.684475 0.862044 0.699891 0.861691 0.711778 0.853151 0.711395 0.853504 0.699549 0.316216 0.469032 0.329435 0.469083 0.329317 0.477630 0.316058 0.477579 0.331483 0.467792 0.344437 0.467845 0.344363 0.476392 0.331370 0.476339 0.346897 0.467165 0.359411 0.467219 0.359386 0.475766 0.346836 0.475712 0.362154 0.467341 0.374211 0.467395 0.374236 0.475942 0.362144 0.475888 0.376937 0.468484 0.388702 0.468542 0.388771 0.477089 0.376970 0.477031 0.316058 0.477579 0.329317 0.477630 0.334850 0.484152 0.321591 0.484101 0.331370 0.476339 0.344363 0.476392 0.347842 0.484206 0.334850 0.484152 0.346836 0.475712 0.359386 0.475766 0.360393 0.484260 0.347842 0.484206 0.362144 0.475888 0.374236 0.475942 0.372485 0.484314 0.360393 0.484260 0.376970 0.477031 0.388771 0.477089 0.384286 0.484372 0.372485 0.484314 0.303554 0.068603 0.302501 0.056637 0.301566 0.045102 0.300718 0.034289 0.315072 0.033217 0.299957 0.024310 0.313597 0.023323 
						0.299265 0.014855 0.312281 0.013918 0.042322 0.031371 0.056338 0.055142 0.046713 0.061115 0.032522 0.037181 0.017289 0.054927 0.043148 0.066800 0.038263 0.076687 0.012631 0.065204 0.696482 0.367467 0.696141 0.379652 0.645050 0.379810 0.645020 0.367597 0.695745 0.391219 0.645084 0.391403 0.695326 0.401714 0.645119 0.401915 0.694930 0.410978 0.645154 0.411219 0.694600 0.419457 0.645194 0.419693 0.317158 0.004982 0.331811 0.007160 0.337797 0.008441 0.350734 0.014350 0.363047 0.020481 0.371872 0.030469 0.378537 0.042268 0.384525 0.053929 0.052508 0.025395 0.066591 0.049405 0.004372 0.093224 0.033471 0.093260 0.694635 0.427340 0.645232 0.427576 0.402374 0.484461 0.404883 0.478067 0.445404 0.478265 0.451568 0.484701 0.298626 0.005996 0.311645 0.005064 0.310153 0.484057 0.310174 0.478390 0.315206 0.478410 0.321591 0.484101 0.870153 0.724891 0.862289 0.724892 0.862728 0.713202 0.870151 0.706705 0.404843 0.469519 0.445446 0.469718 0.445404 0.478265 0.404883 0.478067 0.310207 0.469843 0.315366 0.469863 0.315206 0.478410 0.310174 0.478390 0.853748 0.724572 0.854192 0.712751 0.862728 0.713202 0.862289 0.724892 0.175084 0.469328 0.296753 0.469792 
						0.296721 0.478339 0.175052 0.477874 0.644982 0.352822 0.643512 0.345525 0.696428 0.345948 0.696445 0.352692 0.079968 0.018296 0.094049 0.016637 0.097394 0.045066 0.083420 0.046529 0.034124 0.086627 0.008223 0.075134 0.870182 0.644282 0.864521 0.637870 0.864529 0.629261 0.870196 0.629266 0.855974 0.637989 0.855982 0.629252 0.864529 0.629261 0.864521 0.637870 0.870207 0.994931 0.870153 0.724891 0.990147 0.724811 0.990204 0.994907 0.389914 0.469446 0.389984 0.477994 0.384286 0.484372 0.389984 0.477994 0.386066 0.062403 0.388485 0.082486 0.379769 0.083533 0.377351 0.063448 0.367909 0.064016 0.370348 0.084251 0.357607 0.064587 0.360050 0.084999 0.348386 0.085877 0.335540 0.086918 0.321946 0.087981 0.083723 0.054279 0.071719 0.056475 0.071170 0.048314 0.069200 0.056943 0.059630 0.061688 0.051766 0.066862 0.083699 0.062410 0.072195 0.064087 0.071167 0.064190 0.062364 0.067256 0.056549 0.071336 0.046012 0.078822 0.041824 0.088858 0.053403 0.080372 0.050423 0.090218 0.061543 0.080996 0.060287 0.090998 0.050320 0.069761 0.056399 0.072337 0.062681 0.072886 0.082665 0.091009 0.071186 0.091233 0.071722 0.080956 0.083142 0.080895 0.072139 0.071789 
						0.083482 0.071302 0.071881 0.071854 0.082921 0.108694 0.071359 0.109146 0.071256 0.091434 0.060362 0.109577 0.060333 0.091897 0.050368 0.109990 0.050369 0.092387 0.041536 0.110363 0.041560 0.092856 0.123430 0.118165 0.696135 0.240843 0.696177 0.246468 0.657504 0.247011 0.660085 0.241022 0.097832 0.080461 0.097583 0.090929 0.097946 0.070617 0.097934 0.061437 0.097754 0.053005 0.148596 0.079100 0.152042 0.078663 0.153823 0.088418 0.150228 0.088978 0.155485 0.077876 0.157454 0.087721 0.158391 0.076907 0.160556 0.087004 0.147297 0.069844 0.150710 0.069532 0.154103 0.068639 0.156897 0.067356 0.145590 0.061112 0.149105 0.060888 0.152604 0.059843 0.155385 0.058193 0.143346 0.052610 0.147126 0.052373 0.150892 0.051074 0.153823 0.048978 0.140038 0.044359 0.144016 0.043649 0.147886 0.042187 0.151146 0.038995 0.156929 0.106519 0.153154 0.107096 0.160754 0.105894 0.163970 0.105339 0.098229 0.070233 0.099405 0.051965 0.099971 0.043695 0.098789 0.060708 0.178709 0.068320 0.181336 0.067779 0.183771 0.080118 0.181200 0.080686 0.175843 0.056069 0.178672 0.055581 0.172454 0.044665 0.175305 0.044200 0.168675 0.034469 0.171410 0.034248 0.163550 0.025331 
						0.166304 0.024392 0.174507 0.603537 0.129258 0.603365 0.129807 0.483369 0.175030 0.483541 0.696135 0.240843 0.698483 0.240820 0.696832 0.243651 0.696177 0.246468 0.144015 0.043645 0.131765 0.014426 0.136585 0.014656 0.147883 0.042183 0.151141 0.038990 0.284099 0.015971 0.284817 0.025455 0.165604 0.035888 0.160672 0.027276 0.178175 0.081449 0.175762 0.069246 0.287515 0.057927 0.288604 0.069964 0.188107 0.100674 0.290544 0.090915 0.169466 0.045982 0.285617 0.035478 0.172811 0.057179 0.286516 0.046329 0.695247 0.195134 0.695714 0.206958 0.679813 0.206958 0.127092 0.111958 0.124757 0.114999 0.134019 0.108837 0.130495 0.109829 0.134636 0.110734 0.131536 0.111861 0.130495 0.109829 0.134019 0.108837 0.128783 0.113793 0.127092 0.111958 0.126708 0.116284 0.124757 0.114999 0.125314 0.119040 0.123430 0.118165 0.718437 0.223648 0.717846 0.227437 0.715687 0.204732 0.718126 0.204692 0.686969 0.123980 0.673391 0.149554 0.713713 0.233133 0.697896 0.206713 0.715581 0.200803 0.697762 0.195037 0.715396 0.194519 0.697155 0.193497 0.695247 0.195134 0.673389 0.169647 0.675297 0.168010 0.695255 0.117807 0.695254 0.124072 0.690401 0.123244 0.693311 0.121076 
						0.673389 0.169647 0.716117 0.230909 0.185041 0.101312 0.181596 0.102036 0.390479 0.054175 0.390479 0.049266 0.421298 0.049266 0.421298 0.054175 0.695714 0.206958 0.695247 0.195134 0.386066 0.062403 0.389155 0.062330 0.391552 0.082117 0.388485 0.082486 0.175030 0.483541 0.129807 0.483369 0.129828 0.477702 0.175052 0.477874 0.100535 0.013660 0.163549 0.025328 0.158510 0.015924 0.161066 0.015846 0.012631 0.065204 0.010452 0.063749 0.014758 0.054252 0.017289 0.054927 0.639361 0.339347 0.633162 0.335228 0.696411 0.339203 0.870182 0.644282 0.870196 0.629266 0.990193 0.629475 0.990178 0.644517 0.870151 0.706705 0.990148 0.706601 0.296239 0.604000 0.296228 0.606766 0.174836 0.606305 0.174507 0.603537 0.401710 0.604454 0.450980 0.604696 0.450954 0.609991 0.401681 0.609750 0.136585 0.014656 0.134285 0.011723 0.157557 0.012912 0.155721 0.015881 0.008223 0.075134 0.005977 0.073862 0.010132 0.064554 0.012631 0.065204 0.990178 0.644517 0.992937 0.644726 0.992908 0.657342 0.990165 0.657707 0.158510 0.015924 0.161066 0.015846 0.317158 0.004982 0.317848 0.001951 0.331854 0.004052 0.331811 0.007160 0.067559 0.019832 0.490796 0.637918 0.489979 0.644681 
						0.477874 0.643318 0.481021 0.636817 0.466967 0.639481 0.472919 0.633967 0.458325 0.633546 0.466500 0.629559 0.452794 0.626094 0.462392 0.624024 0.450916 0.617854 0.460876 0.617370 0.460937 0.604744 0.450980 0.604696 0.451568 0.484701 0.461525 0.484750 0.450954 0.609991 0.460912 0.610040 0.491576 0.478702 0.491545 0.484897 0.504748 0.637986 0.512172 0.638023 0.512138 0.644789 0.504715 0.644753 0.519595 0.638059 0.519562 0.644826 0.527019 0.638095 0.526985 0.644862 0.534442 0.638132 0.534409 0.644898 0.305506 0.089560 0.625863 0.333794 0.625864 0.340578 0.491545 0.484897 0.625863 0.333794 0.673389 0.167133 0.673389 0.169647 0.673391 0.149554 0.861147 0.994933 0.852600 0.994897 0.853742 0.724857 0.862289 0.724893 0.123430 0.118165 0.125758 0.118166 0.321591 0.484101 0.334850 0.484152 0.334439 0.604147 0.321248 0.604096 0.347842 0.484206 0.347349 0.604200 0.360393 0.484260 0.359838 0.604254 0.372485 0.484314 0.371841 0.604308 0.384286 0.484372 0.383594 0.604366 0.402374 0.484461 0.451568 0.484701 0.310153 0.484057 0.309692 0.604052 0.990165 0.657707 0.992907 0.658075 0.992891 0.670180 0.990156 0.670597 0.990156 0.670597 0.870160 0.670511 
						0.870169 0.657538 0.990165 0.657707 0.401681 0.609750 0.398914 0.609735 0.398944 0.604439 0.401710 0.604454 0.458046 0.469991 0.491617 0.470155 0.491576 0.478702 0.458005 0.478537 0.990150 0.683035 0.870154 0.683009 0.990146 0.694954 0.870150 0.695014 0.131765 0.014426 0.337797 0.008441 0.339422 0.005861 0.351565 0.011416 0.350734 0.014350 0.990147 0.724811 0.992914 0.724811 0.992971 0.994906 0.990204 0.994907 0.998232 0.644743 0.998203 0.657356 0.992908 0.657342 0.992937 0.644726 0.998203 0.658085 0.998187 0.670187 0.992891 0.670180 0.992907 0.658075 0.998187 0.671023 0.998175 0.682586 0.992879 0.682582 0.992891 0.671017 0.998175 0.683490 0.998172 0.694502 0.992876 0.694504 0.992879 0.683489 0.998172 0.695392 0.998197 0.706317 0.992901 0.706333 0.992876 0.695405 0.029863 0.019595 0.029863 0.001744 0.035159 0.001747 0.035159 0.019599 0.309682 0.606815 0.321028 0.606854 0.321014 0.612150 0.309663 0.612110 0.372276 0.607040 0.383315 0.607118 0.383274 0.612414 0.372237 0.612336 0.360278 0.606985 0.371381 0.607036 0.371353 0.612332 0.360253 0.612281 0.347757 0.606937 0.359373 0.606981 0.359351 0.612277 0.347738 0.612232 0.334797 0.606890 
						0.346917 0.606933 0.346898 0.612229 0.334782 0.612186 0.321447 0.606856 0.334059 0.606887 0.334047 0.612183 0.321438 0.612152 0.992914 0.724811 0.998210 0.724805 0.998268 0.994905 0.992971 0.994906 0.992901 0.706869 0.998197 0.706862 0.992959 0.629477 0.998255 0.629489 0.998233 0.644325 0.992937 0.644312 0.296228 0.606766 0.296209 0.612062 0.185493 0.611642 0.174836 0.606305 0.990150 0.683035 0.992879 0.683489 0.992876 0.694504 0.990146 0.694954 0.067559 0.019832 0.067584 0.017209 0.079451 0.015724 0.079968 0.018296 0.004424 0.369675 0.001771 0.369675 0.001709 0.110671 0.004361 0.110671 0.347349 0.604200 0.346917 0.606933 0.334797 0.606890 0.334439 0.604147 0.990148 0.706601 0.992901 0.706869 0.001734 0.093480 0.004372 0.093224 0.359838 0.604254 0.359373 0.606981 0.347757 0.606937 0.347349 0.604200 0.990146 0.694954 0.992876 0.695405 0.992901 0.706333 0.990148 0.706601 0.298626 0.005996 0.298404 0.002882 0.311187 0.001974 0.311645 0.005064 0.371841 0.604308 0.371381 0.607036 0.360278 0.606985 0.359838 0.604254 0.990193 0.629475 0.992959 0.629477 0.992937 0.644312 0.990178 0.644517 0.383594 0.604366 0.383315 0.607118 0.372276 0.607040 
						0.371841 0.604308 0.378537 0.042268 0.381474 0.041319 0.387121 0.052261 0.384525 0.053929 0.371872 0.030469 0.374808 0.029399 0.380974 0.040312 0.378537 0.042268 0.350734 0.014350 0.352492 0.011860 0.363941 0.017567 0.363047 0.020481 0.401710 0.604454 0.401697 0.607221 0.383846 0.607121 0.383594 0.604366 0.100535 0.013660 0.100600 0.010919 0.160668 0.027272 0.155721 0.015881 0.283448 0.007088 0.296699 0.484006 0.296721 0.478339 0.296239 0.604000 0.296699 0.484006 0.129861 0.469155 0.129828 0.477702 0.283224 0.003956 0.283448 0.007088 0.129248 0.606132 0.129258 0.603365 0.163181 0.611557 0.129223 0.611428 0.129248 0.606132 0.711146 0.181962 0.712673 0.182284 0.697270 0.191722 0.695063 0.156609 0.695451 0.154632 0.677615 0.168481 0.421298 0.034429 0.421298 0.049266 0.390479 0.049266 0.390479 0.034429 0.421298 0.029520 0.421298 0.034429 0.390479 0.034429 0.390479 0.029520 0.695063 0.156609 0.693612 0.163184 0.685918 0.170306 0.677615 0.168481 0.697270 0.191722 0.697620 0.187041 0.705407 0.179777 0.711146 0.181962 0.505528 0.478770 0.505497 0.484966 0.505497 0.484966 0.588821 0.013486 0.584696 0.007313 0.681098 0.001741 0.702734 0.010394 
						0.620656 0.468222 0.643958 0.468335 0.643894 0.476882 0.620513 0.476768 0.636209 0.467165 0.658940 0.467271 0.658963 0.475818 0.636175 0.475712 0.615241 0.485503 0.638622 0.485616 0.637903 0.638637 0.614601 0.638524 0.638622 0.485616 0.661410 0.485723 0.660634 0.638743 0.637903 0.638637 0.661410 0.485723 0.638622 0.485616 0.636175 0.475712 0.658963 0.475818 0.638622 0.485616 0.615241 0.485503 0.620513 0.476768 0.643894 0.476882 0.661410 0.485723 0.655252 0.477589 0.852413 0.478501 0.852375 0.486606 0.623377 0.479347 0.615241 0.485503 0.655252 0.477589 0.655224 0.469041 0.852452 0.469954 0.852413 0.478501 0.505570 0.470223 0.623528 0.470801 0.623377 0.479347 0.505528 0.478770 0.852375 0.486606 0.851667 0.639627 0.615330 0.462321 0.625864 0.340578 0.633163 0.339125 0.636274 0.453334 0.578524 0.003189 0.571243 0.001741 0.321248 0.604096 0.321028 0.606854 0.309682 0.606815 0.309692 0.604052 0.290838 0.006555 0.290563 0.003438 0.302707 0.612086 0.298021 0.090240 0.296669 0.069227 0.290838 0.006555 0.291483 0.015424 0.292331 0.024880 0.293277 0.034867 0.294326 0.045682 0.295460 0.057237 0.037076 0.996031 0.007647 0.892819 0.496084 0.892819 
						0.466655 0.996031 
					</float_array>
					<technique_common>
						<accessor count="1601" offset="0" source="#meshId0-tex0-array" stride="2">
							<param name="S" type="float" />
							<param name="T" type="float" />
						</accessor>
					</technique_common>
				</source>
				<vertices id="meshId0-vertices">
					<input semantic="POSITION" source="#meshId0-positions" />
				</vertices>
				<polylist count="1418" material="defaultMaterial">
					<input offset="0" semantic="VERTEX" source="#meshId0-vertices" />
					<input offset="0" semantic="NORMAL" source="#meshId0-normals" />
					<input offset="0" semantic="TANGENT" source="#meshId0-tangents" />
					<input offset="0" semantic="BINORMAL" source="#meshId0-bitangents" />
					<input offset="0" semantic="TEXCOORD" source="#meshId0-tex0" set="0" />
					<vcount>
						3 3 3 3 3 3 3 3 3 3 3 3 3 3 3 3 3 3 3 3 3 3 3 3 3 3 3 3 3 3 3 3 3 3 3 3 3 3 3 3 3 3 3 3 3 3 3 3 3 3 3 3 3 3 3 3 3 3 3 3 3 3 3 3 
						3 3 3 3 3 3 3 3 3 3 3 3 3 3 3 3 3 3 3 3 3 3 3 3 3 3 3 3 3 3 3 3 3 3 3 3 3 3 3 3 3 3 3 3 3 3 3 3 3 3 3 3 3 3 3 3 3 3 3 3 3 3 3 3 
						3 3 3 3 3 3 3 3 3 3 3 3 3 3 3 3 3 3 3 3 3 3 3 3 3 3 3 3 3 3 3 3 3 3 3 3 3 3 3 3 3 3 3 3 3 3 3 3 3 3 3 3 3 3 3 3 3 3 3 3 3 3 3 3 
						3 3 3 3 3 3 3 3 3 3 3 3 3 3 3 3 3 3 3 3 3 3 3 3 3 3 3 3 3 3 3 3 3 3 3 3 3 3 3 3 3 3 3 3 3 3 3 3 3 3 3 3 3 3 3 3 3 3 3 3 3 3 3 3 
						3 3 3 3 3 3 3 3 3 3 3 3 3 3 3 3 3 3 3 3 3 3 3 3 3 3 3 3 3 3 3 3 3 3 3 3 3 3 3 3 3 3 3 3 3 3 3 3 3 3 3 3 3 3 3 3 3 3 3 3 3 3 3 3 
						3 3 3 3 3 3 3 3 3 3 3 3 3 3 3 3 3 3 3 3 3 3 3 3 3 3 3 3 3 3 3 3 3 3 3 3 3 3 3 3 3 3 3 3 3 3 3 3 3 3 3 3 3 3 3 3 3 3 3 3 3 3 3 3 
						3 3 3 3 3 3 3 3 3 3 3 3 3 3 3 3 3 3 3 3 3 3 3 3 3 3 3 3 3 3 3 3 3 3 3 3 3 3 3 3 3 3 3 3 3 3 3 3 3 3 3 3 3 3 3 3 3 3 3 3 3 3 3 3 
						3 3 3 3 3 3 3 3 3 3 3 3 3 3 3 3 3 3 3 3 3 3 3 3 3 3 3 3 3 3 3 3 3 3 3 3 3 3 3 3 3 3 3 3 3 3 3 3 3 3 3 3 3 3 3 3 3 3 3 3 3 3 3 3 
						3 3 3 3 3 3 3 3 3 3 3 3 3 3 3 3 3 3 3 3 3 3 3 3 3 3 3 3 3 3 3 3 3 3 3 3 3 3 3 3 3 3 3 3 3 3 3 3 3 3 3 3 3 3 3 3 3 3 3 3 3 3 3 3 
						3 3 3 3 3 3 3 3 3 3 3 3 3 3 3 3 3 3 3 3 3 3 3 3 3 3 3 3 3 3 3 3 3 3 3 3 3 3 3 3 3 3 3 3 3 3 3 3 3 3 3 3 3 3 3 3 3 3 3 3 3 3 3 3 
						3 3 3 3 3 3 3 3 3 3 3 3 3 3 3 3 3 3 3 3 3 3 3 3 3 3 3 3 3 3 3 3 3 3 3 3 3 3 3 3 3 3 3 3 3 3 3 3 3 3 3 3 3 3 3 3 3 3 3 3 3 3 3 3 
						3 3 3 3 3 3 3 3 3 3 3 3 3 3 3 3 3 3 3 3 3 3 3 3 3 3 3 3 3 3 3 3 3 3 3 3 3 3 3 3 3 3 3 3 3 3 3 3 3 3 3 3 3 3 3 3 3 3 3 3 3 3 3 3 
						3 3 3 3 3 3 3 3 3 3 3 3 3 3 3 3 3 3 3 3 3 3 3 3 3 3 3 3 3 3 3 3 3 3 3 3 3 3 3 3 3 3 3 3 3 3 3 3 3 3 3 3 3 3 3 3 3 3 3 3 3 3 3 3 
						3 3 3 3 3 3 3 3 3 3 3 3 3 3 3 3 3 3 3 3 3 3 3 3 3 3 3 3 3 3 3 3 3 3 3 3 3 3 3 3 3 3 3 3 3 3 3 3 3 3 3 3 3 3 3 3 3 3 3 3 3 3 3 3 
						3 3 3 3 3 3 3 3 3 3 3 3 3 3 3 3 3 3 3 3 3 3 3 3 3 3 3 3 3 3 3 3 3 3 3 3 3 3 3 3 3 3 3 3 3 3 3 3 3 3 3 3 3 3 3 3 3 3 3 3 3 3 3 3 
						3 3 3 3 3 3 3 3 3 3 3 3 3 3 3 3 3 3 3 3 3 3 3 3 3 3 3 3 3 3 3 3 3 3 3 3 3 3 3 3 3 3 3 3 3 3 3 3 3 3 3 3 3 3 3 3 3 3 3 3 3 3 3 3 
						3 3 3 3 3 3 3 3 3 3 3 3 3 3 3 3 3 3 3 3 3 3 3 3 3 3 3 3 3 3 3 3 3 3 3 3 3 3 3 3 3 3 3 3 3 3 3 3 3 3 3 3 3 3 3 3 3 3 3 3 3 3 3 3 
						3 3 3 3 3 3 3 3 3 3 3 3 3 3 3 3 3 3 3 3 3 3 3 3 3 3 3 3 3 3 3 3 3 3 3 3 3 3 3 3 3 3 3 3 3 3 3 3 3 3 3 3 3 3 3 3 3 3 3 3 3 3 3 3 
						3 3 3 3 3 3 3 3 3 3 3 3 3 3 3 3 3 3 3 3 3 3 3 3 3 3 3 3 3 3 3 3 3 3 3 3 3 3 3 3 3 3 3 3 3 3 3 3 3 3 3 3 3 3 3 3 3 3 3 3 3 3 3 3 
						3 3 3 3 3 3 3 3 3 3 3 3 3 3 3 3 3 3 3 3 3 3 3 3 3 3 3 3 3 3 3 3 3 3 3 3 3 3 3 3 3 3 3 3 3 3 3 3 3 3 3 3 3 3 3 3 3 3 3 3 3 3 3 3 
						3 3 3 3 3 3 3 3 3 3 3 3 3 3 3 3 3 3 3 3 3 3 3 3 3 3 3 3 3 3 3 3 3 3 3 3 3 3 3 3 3 3 3 3 3 3 3 3 3 3 3 3 3 3 3 3 3 3 3 3 3 3 3 3 
						3 3 3 3 3 3 3 3 3 3 3 3 3 3 3 3 3 3 3 3 3 3 3 3 3 3 3 3 3 3 3 3 3 3 3 3 3 3 3 3 3 3 3 3 3 3 3 3 3 3 3 3 3 3 3 3 3 3 3 3 3 3 3 3 
						3 3 3 3 3 3 3 3 3 3 
					</vcount>
					<p>
						3 0 1 1 2 3 7 4 5 5 6 7 8 9 10 14 11 12 12 13 14 13 12 15 15 16 13 16 15 17 17 18 16 22 19 20 20 21 22 21 20 23 23 24 21 24 23 18 18 25 24 29 26 27 27 28 29 28 27 30 30 31 28 31 30 32 32 33 31 17 29 28 28 18 17 18 28 31 31 25 18 25 31 33 33 34 25 38 35 36 36 37 38 37 36 39 39 40 37 42 41 22 22 21 42 32 38 37 37 33 32 33 37 40 40 34 33 43 42 21 21 24 43 24 25 43 47 44 45 45 46 47 51 48 49 49 50 51 55 52 53 53 54 55 59 56 57 57 58 59 63 60 61 61 62 63 67 64 65 65 66 67 71 68 69 69 70 71 75 72 73 73 74 75 79 76 77 77 78 79 83 80 81 81 82 83 87 84 85 85 86 87 
						91 88 89 89 90 91 95 92 93 93 94 95 99 96 97 97 98 99 103 100 101 101 102 103 107 104 105 105 106 107 111 108 109 109 110 111 115 112 113 113 114 115 119 116 117 117 118 119 123 120 121 121 122 123 127 124 125 125 126 127 131 128 129 129 130 131 135 132 133 133 134 135 139 136 137 137 138 139 143 140 141 141 142 143 145 144 26 26 29 145 146 145 29 29 17 146 148 146 17 17 147 148 150 148 147 147 149 150 152 150 149 149 151 152 156 153 154 154 155 156 160 157 158 158 159 160 164 161 162 162 163 164 166 164 163 163 165 166 168 166 165 165 167 168 170 168 167 167 169 170 172 170 169 169 171 172 174 173 11 11 14 174 176 175 19 19 22 176 177 176 22 22 41 177 179 178 39 39 36 179 180 179 36 36 35 180 182 181 153 153 156 182 
						5 4 183 183 184 5 186 185 172 172 171 186 190 187 188 188 189 190 192 191 152 152 151 192 196 193 194 194 195 196 200 197 198 198 199 200 204 201 202 202 203 204 208 205 206 206 207 208 212 209 210 210 211 212 216 213 214 214 215 216 220 217 218 218 219 220 224 221 222 222 223 224 159 158 225 225 226 159 230 227 228 228 229 230 234 231 232 232 233 234 238 235 236 236 237 238 201 239 240 240 202 201 242 241 187 187 190 242 246 243 244 244 245 246 244 247 248 248 245 244 247 249 250 250 248 247 249 30 251 251 250 249 30 27 252 252 251 30 27 26 253 253 252 27 256 222 254 254 255 256 258 182 156 156 257 258 257 156 155 155 259 257 261 256 255 255 260 261 263 258 257 257 262 263 262 257 259 259 264 262 159 226 265 265 266 159 266 265 267 267 268 266 
						268 267 269 269 270 268 160 159 266 266 271 160 271 266 268 268 272 271 272 268 270 270 273 272 277 274 275 275 276 277 276 275 278 278 279 276 279 278 261 261 260 279 269 277 276 276 270 269 270 276 280 280 273 270 273 280 263 263 262 273 262 264 273 283 281 274 274 282 283 285 283 282 282 284 285 287 285 284 284 286 287 289 287 286 286 288 289 4 289 288 288 183 4 292 290 281 281 291 292 294 285 287 287 293 294 293 287 289 289 295 293 295 289 4 4 7 295 299 296 297 297 298 299 275 274 300 300 301 275 278 275 301 301 302 278 261 278 302 302 303 261 256 261 303 303 304 256 222 256 304 304 223 222 308 305 306 306 307 308 310 308 307 307 309 310 312 310 309 309 311 312 314 313 305 305 308 314 315 314 308 308 310 315 316 315 310 310 312 316 318 317 313 
						313 314 318 319 318 314 314 315 319 320 319 315 315 316 320 322 321 317 317 318 322 323 322 318 318 319 323 324 323 319 319 320 324 326 325 321 321 322 326 327 326 322 322 323 327 328 327 323 323 324 328 307 306 329 329 330 307 309 307 330 330 331 309 311 309 331 331 332 311 333 301 305 305 313 333 301 300 306 306 305 301 335 334 321 321 325 335 336 333 313 313 317 336 334 336 317 317 321 334 340 337 338 338 339 340 342 341 337 337 340 342 344 343 341 341 342 344 346 345 343 343 344 346 348 347 345 345 346 348 352 349 350 350 351 352 353 354 355 353 355 356 325 357 358 358 359 325 298 297 360 360 361 298 357 362 363 363 358 357 348 346 364 364 365 348 324 366 367 367 328 324 311 368 369 369 312 311 340 339 370 370 371 340 339 372 373 373 370 339 320 374 366 
						366 324 320 346 344 375 375 364 346 316 376 374 374 320 316 344 342 377 377 375 344 312 369 376 376 316 312 342 340 371 371 377 342 378 291 281 281 283 378 379 380 381 300 274 382 382 383 300 306 300 384 384 329 306 385 384 300 385 300 383 389 386 387 387 388 389 391 389 388 388 390 391 393 391 390 390 392 393 395 393 392 392 394 395 290 382 274 274 281 290 380 379 396 396 397 380 401 398 399 399 400 401 405 402 403 403 404 405 356 406 400 400 407 356 400 408 409 400 409 410 410 407 400 414 411 412 412 413 414 418 415 416 416 417 418 403 418 417 417 404 403 379 419 420 420 396 379 381 380 297 297 296 381 401 400 406 406 421 401 297 380 397 397 360 297 423 422 338 338 368 423 332 423 368 368 311 332 422 372 339 339 338 422 347 367 366 366 345 347 345 366 374 
						374 343 345 343 374 376 376 341 343 341 376 369 369 337 341 337 369 368 368 338 337 427 424 425 425 426 427 378 283 285 285 294 378 429 407 410 410 428 429 353 356 407 407 429 353 433 430 431 431 432 433 437 434 435 435 436 437 335 325 359 359 438 335 441 348 439 439 440 441 445 442 443 443 444 445 448 446 447 447 299 448 452 449 450 450 451 452 454 238 237 237 453 454 458 455 456 456 457 458 462 459 460 460 461 462 466 463 464 464 465 466 470 467 468 468 469 470 474 471 472 472 473 474 475 476 465 480 477 478 478 479 480 254 222 221 221 481 254 485 482 483 483 484 485 484 483 486 486 487 484 487 486 488 488 489 487 489 488 490 490 491 489 491 490 492 492 493 491 497 494 495 495 496 497 493 492 498 498 499 493 8 10 500 500 501 8 505 502 503 503 504 505 
						507 505 504 504 506 507 509 507 506 506 508 509 511 509 508 508 510 511 26 144 512 512 253 26 516 513 514 514 515 516 517 495 494 494 482 517 298 361 518 518 519 298 503 502 482 482 485 503 523 520 521 521 522 523 525 523 522 522 524 525 519 448 299 299 298 519 529 526 527 527 528 529 533 530 531 531 532 533 499 498 494 494 497 499 537 534 535 535 536 537 539 537 536 536 538 539 541 539 538 538 540 541 543 541 540 540 542 543 545 543 542 542 544 545 547 546 459 459 462 547 534 548 549 549 535 534 546 545 544 544 459 546 553 550 551 551 552 553 557 554 555 555 556 557 556 555 450 450 449 556 561 558 559 559 560 561 565 562 563 563 564 565 567 566 554 554 557 567 569 568 566 566 567 569 570 463 466 454 453 568 568 569 454 574 571 572 572 573 574 578 575 576 
						576 577 578 582 579 580 580 581 582 586 583 584 584 585 586 590 587 588 588 589 590 594 591 592 592 593 594 598 595 596 596 597 598 602 599 600 600 601 602 606 603 604 604 605 606 610 607 608 608 609 610 614 611 612 612 613 614 618 615 616 616 617 618 622 619 620 620 621 622 626 623 624 624 625 626 630 627 628 628 629 630 632 631 627 627 630 632 636 633 634 634 635 636 640 637 638 638 639 640 644 641 642 642 643 644 648 645 646 646 647 648 652 649 650 650 651 652 656 653 654 654 655 656 658 657 575 575 578 658 651 650 659 659 660 651 664 661 662 662 663 664 668 665 666 666 667 668 672 669 670 670 671 672 676 673 674 674 675 676 680 677 678 678 679 680 684 681 682 682 683 684 688 685 686 686 687 688 692 689 690 690 691 692 696 693 694 694 695 696 700 697 698 
						698 699 700 702 701 570 570 466 702 441 440 703 703 704 441 705 439 348 348 365 705 704 703 358 358 363 704 465 464 475 434 706 707 707 435 434 349 708 709 709 350 349 213 710 711 711 214 213 713 465 476 476 712 713 715 457 456 456 714 715 639 638 716 716 638 717 717 718 716 721 719 720 720 411 721 723 722 719 719 721 723 412 724 722 722 723 412 411 720 724 724 412 411 728 725 726 726 727 728 732 729 730 730 731 732 736 733 734 734 735 736 740 737 738 738 739 740 483 482 494 494 498 483 486 483 498 498 492 486 488 486 492 492 490 488 161 218 217 217 162 161 501 500 741 741 742 501 743 517 482 482 502 743 747 744 745 745 746 747 751 748 749 749 750 751 755 752 753 753 754 755 759 756 757 757 758 759 763 760 761 761 762 763 767 764 765 765 766 767 771 768 769 
						769 770 771 775 772 773 773 774 775 742 741 776 776 777 742 781 778 779 779 780 781 785 782 783 783 784 785 756 743 502 502 757 756 787 786 763 763 762 787 791 788 789 789 790 791 793 789 788 788 792 793 795 747 746 746 794 795 799 796 797 797 798 799 801 800 669 669 672 801 603 637 802 802 604 603 548 709 708 708 549 548 804 803 512 512 144 804 205 216 215 215 206 205 707 706 193 193 196 707 191 805 806 806 152 191 806 807 150 150 152 806 807 808 148 148 150 807 808 809 146 146 148 808 809 810 145 145 146 809 810 804 144 144 145 810 782 565 564 564 783 782 371 370 804 804 810 371 377 371 810 810 809 377 375 377 809 809 808 375 364 375 808 808 807 364 365 364 807 807 806 365 805 705 365 365 806 805 370 373 803 803 804 370 637 640 802 713 712 800 800 801 713 
						798 797 455 455 458 798 446 220 219 219 447 446 814 811 812 812 813 814 816 815 7 7 6 816 817 818 819 823 820 821 821 822 823 825 823 822 822 824 825 827 825 824 824 826 827 831 828 829 829 830 831 833 831 830 830 832 833 826 833 832 832 834 826 838 835 836 836 837 838 840 838 837 837 839 840 842 840 839 839 841 842 837 836 827 827 826 837 839 837 826 826 834 839 841 839 834 834 843 841 847 844 845 845 846 847 849 847 846 846 848 849 829 850 851 851 830 829 846 845 842 842 841 846 848 846 841 841 843 848 830 851 852 852 832 830 832 852 834 856 853 854 854 855 856 860 857 858 858 859 860 864 861 862 862 863 864 868 865 866 866 867 868 872 869 870 870 871 872 876 873 874 874 875 876 880 877 878 878 879 880 884 881 882 882 883 884 888 885 886 886 887 888 
						892 889 890 890 891 892 896 893 894 894 895 896 900 897 898 898 899 900 904 901 902 902 903 904 908 905 906 906 907 908 912 909 910 910 911 912 916 913 914 914 915 916 920 917 918 918 919 920 924 921 922 922 923 924 928 925 926 926 927 928 932 929 930 930 931 932 936 933 934 934 935 936 940 937 938 938 939 940 944 941 942 942 943 944 948 945 946 946 947 948 952 949 950 950 951 952 835 953 954 954 836 835 836 954 955 955 827 836 827 955 956 956 957 827 957 956 958 958 959 957 959 958 960 960 961 959 965 962 963 963 964 965 969 966 967 967 968 969 973 970 971 971 972 973 972 971 974 974 975 972 975 974 976 976 977 975 977 976 978 978 979 977 979 978 980 980 981 979 820 982 983 983 821 820 828 984 985 985 829 828 829 985 986 986 850 829 849 987 988 988 847 849 
						847 988 989 989 844 847 962 990 991 991 963 962 993 815 816 816 992 993 980 994 995 995 981 980 999 996 997 997 998 999 960 1000 1001 1001 961 960 1005 1002 1003 1003 1004 1005 1009 1006 1007 1007 1008 1009 1013 1010 1011 1011 1012 1013 1017 1014 1015 1015 1016 1017 1021 1018 1019 1019 1020 1021 1025 1022 1023 1023 1024 1025 1029 1026 1027 1027 1028 1029 1033 1030 1031 1031 1032 1033 1035 969 968 968 1034 1035 1039 1036 1037 1037 1038 1039 1043 1040 1041 1041 1042 1043 1047 1044 1045 1045 1046 1047 1049 1048 1010 1010 1013 1049 996 1050 1051 1051 997 996 1055 1052 1053 1053 1054 1055 1057 1056 1055 1055 1054 1057 1059 1058 1056 1056 1057 1059 1060 840 1058 1058 1059 1060 1061 838 840 840 1060 1061 1062 835 838 838 1061 1062 1065 1033 1063 1063 1064 1065 963 991 1066 1066 1067 963 964 963 1067 1067 1068 964 1064 1063 1069 1069 1070 1064 1067 1066 1071 1071 1072 1067 1068 1067 1072 1072 1073 1068 
						1075 1034 968 968 1074 1075 1077 1075 1074 1074 1076 1077 1079 1077 1076 1076 1078 1079 1074 968 967 967 1080 1074 1076 1074 1080 1080 1081 1076 1078 1076 1081 1081 1082 1078 1086 1083 1084 1084 1085 1086 1088 1086 1085 1085 1087 1088 1069 1088 1087 1087 1070 1069 1085 1084 1079 1079 1078 1085 1089 1085 1078 1078 1082 1089 1071 1089 1082 1082 1072 1071 1072 1082 1073 1083 1090 1091 1091 1092 1083 1092 1091 1093 1093 1094 1092 1094 1093 1095 1095 1096 1094 1096 1095 1097 1097 1098 1096 1098 1097 815 815 993 1098 1090 1099 292 292 291 1090 1095 1093 294 294 293 1095 1097 1095 293 293 295 1097 815 1097 295 295 7 815 1103 1100 1101 1101 1102 1103 1105 1083 1086 1086 1104 1105 1104 1086 1088 1088 1106 1104 1106 1088 1069 1069 1107 1106 1107 1069 1063 1063 1108 1107 1108 1063 1033 1033 1032 1108 1112 1109 1110 1110 1111 1112 1111 1110 1113 1113 1114 1111 1114 1113 1115 1115 1116 1114 1109 1117 1118 1118 1110 1109 1110 1118 1119 
						1119 1113 1110 1113 1119 1120 1120 1115 1113 1117 1121 1122 1122 1118 1117 1118 1122 1123 1123 1119 1118 1119 1123 1124 1124 1120 1119 1121 1125 1126 1126 1122 1121 1122 1126 1127 1127 1123 1122 1123 1127 1128 1128 1124 1123 1125 1129 1130 1130 1126 1125 1126 1130 1131 1131 1127 1126 1127 1131 1132 1132 1128 1127 1134 1112 1111 1111 1133 1134 1133 1111 1114 1114 1135 1133 1135 1114 1116 1116 1136 1135 1109 1104 1137 1137 1117 1109 1112 1105 1104 1104 1109 1112 1125 1138 1139 1139 1129 1125 1117 1137 1140 1140 1121 1117 1121 1140 1138 1138 1125 1121 1144 1141 1142 1142 1143 1144 1141 1145 1146 1146 1142 1141 1145 1147 1148 1148 1146 1145 1147 1149 1150 1150 1148 1147 1149 1151 1152 1152 1150 1149 1156 1153 1154 1154 1155 1156 1157 1158 1159 1157 1159 1160 1163 1161 1129 1129 1162 1163 360 1103 1102 1102 361 360 1165 1164 1161 1161 1163 1165 1167 1150 1152 1152 1166 1167 1169 1168 1128 1128 1132 1169 1171 1170 1116 1116 1115 1171 1173 1143 1142 
						1142 1172 1173 1175 1174 1143 1143 1173 1175 1168 1176 1124 1124 1128 1168 1177 1148 1150 1150 1167 1177 1176 1178 1120 1120 1124 1176 1179 1146 1148 1148 1177 1179 1178 1171 1115 1115 1120 1178 1172 1142 1146 1146 1179 1172 1090 291 378 378 1091 1090 1180 1181 1182 1184 1083 1105 1105 1183 1184 1185 1105 1112 1112 1134 1185 1186 1183 1105 1186 1105 1185 1190 1187 1188 1188 1189 1190 1189 1188 1191 1191 1192 1189 1192 1191 1193 1193 1194 1192 1194 1193 1195 1195 1196 1194 1083 1184 1099 1099 1090 1083 396 1180 1182 1182 397 396 1200 1197 1198 1198 1199 1200 1202 402 405 405 1201 1202 1199 1203 1158 1158 1204 1199 1207 1205 1199 1207 1199 1204 1204 1206 1207 1211 1208 1209 1209 1210 1211 1215 1212 1213 1213 1214 1215 1214 1213 1202 1202 1201 1214 420 1216 1180 1180 396 420 1103 1182 1181 1181 1100 1103 1203 1199 1198 1198 1217 1203 397 1182 1103 1103 360 397 1144 1218 1219 1219 1170 1144 1170 1219 1136 1136 1116 1170 1143 1174 1218 
						1218 1144 1143 1168 1169 1151 1151 1149 1168 1176 1168 1149 1149 1147 1176 1178 1176 1147 1147 1145 1178 1171 1178 1145 1145 1141 1171 1170 1171 1141 1141 1144 1170 1223 1220 1221 1221 1222 1223 1093 1091 378 378 294 1093 1206 1204 1224 1224 1225 1206 1204 1158 1157 1157 1224 1204 1229 1226 1227 1227 1228 1229 1233 1230 1231 1231 1232 1233 1162 1129 1139 1139 1234 1162 1237 1152 1235 1235 1236 1237 1241 1238 1239 1239 1240 1241 1244 1242 1243 1243 1101 1244 1248 1245 1246 1246 1247 1248 1046 1045 1249 1249 1250 1046 1254 1251 1252 1252 1253 1254 1258 1255 1256 1256 1257 1258 1262 1259 1260 1260 1261 1262 1266 1263 1264 1264 1265 1266 1270 1267 1268 1268 1269 1270 1271 1261 1272 1276 1273 1274 1274 1275 1276 1030 1033 1065 1065 1277 1030 1281 1278 1279 1279 1280 1281 1283 1281 1280 1280 1282 1283 1285 1283 1282 1282 1284 1285 1287 1285 1284 1284 1286 1287 1289 1287 1286 1286 1288 1289 1293 1290 1291 1291 1292 1293 1295 1289 1288 1288 1294 1295 
						1297 818 817 817 1296 1297 1301 1298 1299 1299 1300 1301 1300 1299 1302 1302 1303 1300 1303 1302 1304 1304 1305 1303 1305 1304 1306 1306 1307 1305 1308 953 835 835 1062 1308 1310 513 516 516 1309 1310 1290 1293 1311 1311 1278 1290 518 361 1102 1102 1312 518 1278 1298 1301 1301 1279 1278 1314 520 523 523 1313 1314 1313 523 525 525 1315 1313 1101 1243 1312 1312 1102 1101 1319 1316 1317 1317 1318 1319 1321 530 533 533 1320 1321 1290 1295 1294 1294 1291 1290 1325 1322 1323 1323 1324 1325 1324 1323 1326 1326 1327 1324 1327 1326 1328 1328 1329 1327 1329 1328 1330 1330 1331 1329 1331 1330 1332 1332 1333 1331 1255 1334 1335 1335 1256 1255 1337 1336 1322 1322 1325 1337 1333 1332 1334 1334 1255 1333 1341 1338 1339 1339 1340 1341 1345 1342 1343 1343 1344 1345 1248 1345 1344 1344 1245 1248 1349 1346 1347 1347 1348 1349 1353 1350 1351 1351 1352 1353 1342 1354 1355 1355 1343 1342 1354 1356 1357 1357 1355 1354 1358 1260 1259 1356 1250 1249 
						1249 1357 1356 1362 1359 1360 1360 1361 1362 1366 1363 1364 1364 1365 1366 1370 1367 1368 1368 1369 1370 1374 1371 1372 1372 1373 1374 1378 1375 1376 1376 1377 1378 1382 1379 1380 1380 1381 1382 1386 1383 1384 1384 1385 1386 1390 1387 1388 1388 1389 1390 1394 1391 1392 1392 1393 1394 1398 1395 1396 1396 1397 1398 1402 1399 1400 1400 1401 1402 1406 1403 1404 1404 1405 1406 1410 1407 1408 1408 1409 1410 1414 1411 1412 1412 1413 1414 1418 1415 1416 1416 1417 1418 1415 1419 1420 1420 1416 1415 1424 1421 1422 1422 1423 1424 1428 1425 1426 1426 1427 1428 1432 1429 1430 1430 1431 1432 1436 1433 1434 1434 1435 1436 1440 1437 1438 1438 1439 1440 1444 1441 1442 1442 1443 1444 1363 1445 1446 1446 1364 1363 1448 1440 1439 1439 1447 1448 1452 1449 1450 1450 1451 1452 1456 1453 1454 1454 1455 1456 1460 1457 1458 1458 1459 1460 1464 1461 1462 1462 1463 1464 1468 1465 1466 1466 1467 1468 1472 1469 1470 1470 1471 1472 1476 1473 1474 1474 1475 1476 1480 1477 1478 
						1478 1479 1480 1484 1481 1482 1482 1483 1484 1488 1485 1486 1486 1487 1488 1358 1489 1490 1490 1260 1358 1492 1236 1235 1235 1491 1492 1152 1237 1493 1493 1166 1152 1163 1492 1491 1491 1165 1163 1261 1271 1262 1495 1494 1230 1230 1233 1495 1497 1496 1153 1153 1156 1497 1499 1498 1022 1022 1025 1499 1272 1261 1500 1500 1501 1272 1254 1253 1502 1502 1503 1254 1427 1504 1428 1506 1428 1504 1504 1505 1506 1509 1507 1508 1508 1208 1509 1507 1510 1511 1511 1508 1507 1510 1512 1211 1211 1511 1510 1512 1509 1208 1208 1211 1512 1516 1513 1514 1514 1515 1516 1520 1517 1518 1518 1519 1520 1524 1521 1522 1522 1523 1524 1528 1525 1526 1526 1527 1528 1290 1278 1281 1281 1295 1290 1295 1281 1283 1283 1289 1295 1289 1283 1285 1285 1287 1289 1026 1029 970 970 973 1026 1530 1297 1296 1296 1529 1530 1278 1311 1531 1531 1298 1278 1535 1532 1533 1533 1534 1535 1539 1536 1537 1537 1538 1539 1543 1540 1541 1541 1542 1543 1547 1544 1545 1545 1546 1547 1551 1548 1549 
						1549 1550 1551 1555 1552 1553 1553 1554 1555 1559 1556 1557 1557 1558 1559 1563 1560 1561 1561 1562 1563 1565 1530 1529 1529 1564 1565 1569 1566 1567 1567 1568 1569 1573 1570 1571 1571 1572 1573 1298 1531 1544 1544 1547 1298 1549 1574 1575 1575 1550 1549 1577 1576 791 791 790 1577 1576 1577 1578 1578 1579 1576 1534 1533 1580 1580 1581 1534 1585 1582 1583 1583 1584 1585 1457 1586 1587 1587 1458 1457 1588 1425 1391 1391 1394 1588 1496 1497 1336 1336 1337 1496 1308 1589 1590 1590 953 1308 1024 1023 1014 1014 1017 1024 1002 1494 1495 1495 1003 1002 1592 1591 1000 1000 960 1592 958 1593 1592 1592 960 958 956 1594 1593 1593 958 956 955 1595 1594 1594 956 955 954 1596 1595 1595 955 954 953 1590 1596 1596 954 953 1352 1351 1570 1570 1573 1352 1590 1173 1172 1172 1596 1590 1596 1172 1179 1179 1595 1596 1595 1179 1177 1177 1594 1595 1594 1177 1167 1167 1593 1594 1593 1167 1166 1166 1592 1593 1166 1493 1591 1591 1592 1166 1589 1175 1173 
						1173 1590 1589 1425 1588 1426 1586 1501 1500 1500 1587 1586 1251 1585 1584 1584 1252 1251 1028 1027 1242 1242 1244 1028 1600 1597 1598 1598 1599 1600 
					</p>
				</polylist>
			</mesh>
		</geometry>
		<geometry id="meshId1" name="meshId1_name" >
			<mesh>
				<source id="meshId1-positions" name="meshId1-positions">
					<float_array id="meshId1-positions-array" count="513"> 
						0.436636 0.506344 0.000000 0.436636 0.506344 1.128350 0.465871 0.494235 1.128350 0.465871 0.494235 0.000000 0.477980 0.465000 1.128350 0.477980 0.465000 0.000000 0.477980 0.465000 0.000000 0.477980 0.465000 1.128350 0.465871 0.435766 1.128350 0.465871 0.435766 0.000000 0.436636 0.423656 1.128350 0.436636 0.423656 0.000000 0.407401 0.435766 1.128350 0.407401 0.435766 0.000000 0.395292 0.465000 1.128350 0.395292 0.465000 0.000000 0.457895 0.443742 1.128350 0.466701 0.465000 1.128350 0.466701 0.465000 1.077199 0.457895 0.443742 1.077199 0.407401 0.494235 1.128350 0.407401 0.494235 0.000000 0.436636 0.495065 1.128350 0.457895 0.486259 1.128350 0.465871 0.494235 1.128350 0.436636 0.506344 1.128350 0.466701 0.465000 1.128350 0.477980 0.465000 1.128350 0.466701 0.465000 1.128350 0.457895 0.443742 1.128350 0.465871 0.435766 1.128350 0.477980 0.465000 1.128350 0.436636 0.434936 1.128350 0.436636 0.423656 1.128350 0.415378 0.443742 1.128350 0.407401 0.435766 1.128350 0.406572 0.465000 1.128350 0.395292 0.465000 1.128350 0.415378 0.486259 1.128350 0.407401 0.494235 1.128350 0.436636 0.490972 1.077199 0.418271 0.483365 1.077199 0.418271 0.483365 1.218676 0.436636 0.490972 1.218676 0.457895 0.486259 1.128350 0.436636 0.495065 1.128350 0.436636 0.495065 1.077199 0.457895 0.486259 1.077199 0.415378 0.486259 1.128350 0.415378 0.486259 1.077199 0.406572 0.465000 1.128350 0.415378 0.443742 1.128350 0.415378 0.443742 1.077199 0.406572 0.465000 1.077199 0.436636 0.434936 1.128350 0.436636 0.434936 1.077199 0.466701 0.465000 1.128350 0.466701 0.465000 1.077199 0.436636 0.490972 1.077199 0.455001 0.483365 1.077199 0.457895 0.486259 1.077199 0.436636 0.495065 1.077199 0.462608 0.465000 1.077199 0.466701 0.465000 1.077199 
						0.462608 0.465000 1.077199 0.455001 0.446635 1.077199 0.457895 0.443742 1.077199 0.466701 0.465000 1.077199 0.436636 0.439028 1.077199 0.436636 0.434936 1.077199 0.418271 0.446635 1.077199 0.415378 0.443742 1.077199 0.410664 0.465000 1.077199 0.406572 0.465000 1.077199 0.418271 0.483365 1.077199 0.415378 0.486259 1.077199 0.410664 0.465000 1.077199 0.418271 0.446635 1.077199 0.418271 0.446635 1.218676 0.410664 0.465000 1.218676 0.436636 0.439028 1.077199 0.455001 0.446635 1.077199 0.455001 0.446635 1.218676 0.436636 0.439028 1.218676 0.462608 0.465000 1.077199 0.455001 0.483365 1.077199 0.455001 0.483365 1.218676 0.462608 0.465000 1.218676 0.462608 0.465000 1.077199 0.462608 0.465000 1.218676 0.465871 0.494235 -1.128350 0.436636 0.506344 -1.128350 0.477980 0.465000 -1.128350 0.465871 0.435766 -1.128350 0.477980 0.465000 -1.128350 0.436636 0.423656 -1.128350 0.407401 0.435766 -1.128350 0.395292 0.465000 -1.128350 0.457895 0.443742 -1.128350 0.457895 0.443742 -1.077199 0.466701 0.465000 -1.077199 0.466701 0.465000 -1.128350 0.407401 0.494235 -1.128350 0.436636 0.495065 -1.128350 0.436636 0.506344 -1.128350 0.465871 0.494235 -1.128350 0.457895 0.486259 -1.128350 0.477980 0.465000 -1.128350 0.466701 0.465000 -1.128350 0.466701 0.465000 -1.128350 0.477980 0.465000 -1.128350 0.465871 0.435766 -1.128350 0.457895 0.443742 -1.128350 0.436636 0.423656 -1.128350 0.436636 0.434936 -1.128350 0.407401 0.435766 -1.128350 0.415378 0.443742 -1.128350 0.395292 0.465000 -1.128350 0.406572 0.465000 -1.128350 0.407401 0.494235 -1.128350 0.415378 0.486259 -1.128350 0.436636 0.490972 -1.077199 0.436636 0.490972 -1.218676 0.418271 0.483365 -1.218676 0.418271 0.483365 -1.077199 0.457895 0.486259 -1.128350 0.457895 0.486259 -1.077199 0.436636 0.495065 -1.077199 
						0.436636 0.495065 -1.128350 0.415378 0.486259 -1.077199 0.415378 0.486259 -1.128350 0.406572 0.465000 -1.128350 0.406572 0.465000 -1.077199 0.415378 0.443742 -1.077199 0.415378 0.443742 -1.128350 0.436636 0.434936 -1.128350 0.436636 0.434936 -1.077199 0.466701 0.465000 -1.128350 0.466701 0.465000 -1.077199 0.436636 0.490972 -1.077199 0.436636 0.495065 -1.077199 0.457895 0.486259 -1.077199 0.455001 0.483365 -1.077199 0.466701 0.465000 -1.077199 0.462608 0.465000 -1.077199 0.462608 0.465000 -1.077199 0.466701 0.465000 -1.077199 0.457895 0.443742 -1.077199 0.455001 0.446635 -1.077199 0.436636 0.434936 -1.077199 0.436636 0.439028 -1.077199 0.415378 0.443742 -1.077199 0.418271 0.446635 -1.077199 0.406572 0.465000 -1.077199 0.410664 0.465000 -1.077199 0.415378 0.486259 -1.077199 0.418271 0.483365 -1.077199 0.410664 0.465000 -1.077199 0.410664 0.465000 -1.218676 0.418271 0.446635 -1.218676 0.418271 0.446635 -1.077199 0.436636 0.439028 -1.077199 0.436636 0.439028 -1.218676 0.455001 0.446635 -1.218676 0.455001 0.446635 -1.077199 0.462608 0.465000 -1.077199 0.462608 0.465000 -1.218676 0.455001 0.483365 -1.218676 0.455001 0.483365 -1.077199 0.462608 0.465000 -1.218676 0.462608 0.465000 -1.077199 
					</float_array>
					<technique_common>
						<accessor count="171" offset="0" source="#meshId1-positions-array" stride="3">
							<param name="X" type="float" />
							<param name="Y" type="float" />
							<param name="Z" type="float" />
						</accessor>
					</technique_common>
				</source>
				<source id="meshId1-normals" name="meshId1-normals">
					<float_array id="meshId1-normals-array" count="513"> 
						0.000000 1.000000 0.000000 0.000000 1.000000 0.000000 0.707107 0.707107 0.000000 0.707107 0.707107 0.000000 1.000000 0.000000 0.000000 1.000000 0.000000 0.000000 1.000000 0.000000 0.000000 1.000000 0.000000 0.000000 0.707107 -0.707107 0.000000 0.707107 -0.707107 0.000000 0.000000 -1.000000 0.000000 0.000000 -1.000000 0.000000 -0.707107 -0.707107 0.000000 -0.707107 -0.707107 0.000000 -1.000000 0.000000 0.000000 -1.000000 0.000000 0.000000 -0.707107 0.707107 0.000000 -1.000000 0.000000 0.000000 -1.000000 0.000000 0.000000 -0.707107 0.707107 0.000000 -0.707107 0.707107 0.000000 -0.707107 0.707107 0.000000 0.000000 0.000000 1.000000 0.000000 0.000000 1.000000 0.000000 0.000000 1.000000 0.000000 0.000000 1.000000 0.000000 0.000000 1.000000 0.000000 0.000000 1.000000 0.000000 0.000000 1.000000 0.000000 0.000000 1.000000 0.000000 0.000000 1.000000 0.000000 0.000000 1.000000 0.000000 0.000000 1.000000 0.000000 0.000000 1.000000 0.000000 0.000000 1.000000 0.000000 0.000000 1.000000 0.000000 0.000000 1.000000 0.000000 0.000000 1.000000 0.000000 0.000000 1.000000 0.000000 0.000000 1.000000 0.000000 1.000000 0.000000 -0.707107 0.707107 0.000000 -0.707107 0.707107 0.000000 0.000000 1.000000 0.000000 -0.707107 -0.707107 0.000000 0.000000 -1.000000 0.000000 0.000000 -1.000000 0.000000 -0.707107 -0.707107 0.000000 0.707107 -0.707107 0.000000 0.707107 -0.707107 0.000000 1.000000 0.000000 0.000000 0.707107 0.707107 0.000000 0.707107 0.707107 0.000000 1.000000 0.000000 0.000000 0.000000 1.000000 0.000000 0.000000 1.000000 0.000000 -1.000000 0.000000 0.000000 -1.000000 0.000000 0.000000 0.000000 0.000000 1.000000 0.000000 0.000000 1.000000 0.000000 0.000000 1.000000 0.000000 0.000000 1.000000 0.000000 0.000000 1.000000 0.000000 0.000000 1.000000 
						0.000000 0.000000 1.000000 0.000000 0.000000 1.000000 0.000000 0.000000 1.000000 0.000000 0.000000 1.000000 0.000000 0.000000 1.000000 0.000000 0.000000 1.000000 0.000000 0.000000 1.000000 0.000000 0.000000 1.000000 0.000000 0.000000 1.000000 0.000000 0.000000 1.000000 0.000000 0.000000 1.000000 0.000000 0.000000 1.000000 -1.000000 0.000000 0.000000 -0.707107 -0.707107 0.000000 -0.707107 -0.707107 0.000000 -1.000000 0.000000 0.000000 0.000000 -1.000000 0.000000 0.707107 -0.707107 0.000000 0.707107 -0.707107 0.000000 0.000000 -1.000000 0.000000 1.000000 0.000000 0.000000 0.707107 0.707107 0.000000 0.707107 0.707107 0.000000 1.000000 0.000000 0.000000 1.000000 0.000000 0.000000 1.000000 0.000000 0.000000 0.707107 0.707107 0.000000 0.000000 1.000000 0.000000 1.000000 0.000000 0.000000 0.707107 -0.707107 0.000000 1.000000 0.000000 0.000000 0.000000 -1.000000 0.000000 -0.707107 -0.707107 0.000000 -1.000000 0.000000 0.000000 -0.707107 0.707107 0.000000 -0.707107 0.707107 0.000000 -1.000000 0.000000 0.000000 -1.000000 0.000000 0.000000 -0.707107 0.707107 0.000000 0.000000 0.000000 -1.000000 0.000000 0.000000 -1.000000 0.000000 0.000000 -1.000000 0.000000 0.000000 -1.000000 0.000000 0.000000 -1.000000 0.000000 0.000000 -1.000000 0.000000 0.000000 -1.000000 0.000000 0.000000 -1.000000 0.000000 0.000000 -1.000000 0.000000 0.000000 -1.000000 0.000000 0.000000 -1.000000 0.000000 0.000000 -1.000000 0.000000 0.000000 -1.000000 0.000000 0.000000 -1.000000 0.000000 0.000000 -1.000000 0.000000 0.000000 -1.000000 0.000000 0.000000 -1.000000 0.000000 0.000000 -1.000000 0.000000 1.000000 0.000000 0.000000 1.000000 0.000000 -0.707107 0.707107 0.000000 -0.707107 0.707107 0.000000 -0.707107 -0.707107 0.000000 -0.707107 -0.707107 0.000000 0.000000 -1.000000 0.000000 
						0.000000 -1.000000 0.000000 0.707107 -0.707107 0.000000 0.707107 -0.707107 0.000000 1.000000 0.000000 0.000000 1.000000 0.000000 0.000000 0.707107 0.707107 0.000000 0.707107 0.707107 0.000000 0.000000 1.000000 0.000000 0.000000 1.000000 0.000000 -1.000000 0.000000 0.000000 -1.000000 0.000000 0.000000 0.000000 0.000000 -1.000000 0.000000 0.000000 -1.000000 0.000000 0.000000 -1.000000 0.000000 0.000000 -1.000000 0.000000 0.000000 -1.000000 0.000000 0.000000 -1.000000 0.000000 0.000000 -1.000000 0.000000 0.000000 -1.000000 0.000000 0.000000 -1.000000 0.000000 0.000000 -1.000000 0.000000 0.000000 -1.000000 0.000000 0.000000 -1.000000 0.000000 0.000000 -1.000000 0.000000 0.000000 -1.000000 0.000000 0.000000 -1.000000 0.000000 0.000000 -1.000000 0.000000 0.000000 -1.000000 0.000000 0.000000 -1.000000 -1.000000 0.000000 0.000000 -1.000000 0.000000 0.000000 -0.707107 -0.707107 0.000000 -0.707107 -0.707107 0.000000 0.000000 -1.000000 0.000000 0.000000 -1.000000 0.000000 0.707107 -0.707107 0.000000 0.707107 -0.707107 0.000000 1.000000 0.000000 0.000000 1.000000 0.000000 0.000000 0.707107 0.707107 0.000000 0.707107 0.707107 0.000000 1.000000 0.000000 0.000000 1.000000 0.000000 0.000000 
					</float_array>
					<technique_common>
						<accessor count="171" offset="0" source="#meshId1-normals-array" stride="3">
							<param name="X" type="float" />
							<param name="Y" type="float" />
							<param name="Z" type="float" />
						</accessor>
					</technique_common>
				</source>
				<source id="meshId1-tangents" name="meshId1-tangents">
					<float_array id="meshId1-tangents-array" count="513"> 
						-0.999846 0.000000 -0.017521 -0.993968 0.000000 0.109674 -0.684452 0.684452 0.251099 -0.706998 0.706998 -0.017534 0.000000 0.930029 0.367487 0.000000 0.999845 -0.017623 0.000000 0.999881 -0.015416 0.000000 0.921943 -0.387327 0.673502 0.673502 -0.304616 0.707010 0.707010 -0.016535 0.987935 0.000000 -0.154871 0.999843 0.000000 -0.017700 0.704991 -0.704991 -0.077298 0.706996 -0.706996 -0.017702 0.000000 -0.999823 -0.018835 0.000000 -0.999843 -0.017718 0.672608 0.672608 0.308539 0.000000 0.905496 0.424355 0.000000 0.924361 0.381518 0.673307 0.673307 0.305475 -0.706086 -0.706086 0.053704 -0.706996 -0.706996 -0.017716 -0.982525 -0.186129 0.000000 -0.874248 0.485480 0.000000 -0.855499 0.517805 0.000000 -0.987028 -0.160548 0.000000 -0.651769 0.758418 0.000000 -0.634284 0.773100 0.000000 0.707277 0.706936 0.000000 0.871662 0.490107 0.000000 0.873394 0.487014 0.000000 0.709546 0.704659 0.000000 0.986262 -0.165189 0.000000 0.988197 -0.153188 0.000000 0.688919 -0.724838 0.000000 0.684359 -0.729145 0.000000 -0.030654 -0.999530 0.000000 -0.030766 -0.999527 0.000000 -0.695350 -0.718672 0.000000 -0.685635 -0.727945 0.000000 -0.995287 0.000000 0.096975 -0.707077 -0.707077 -0.009204 -0.706744 -0.706744 -0.032037 -0.999992 0.000000 -0.004097 -0.667719 0.667719 -0.329094 -0.991976 0.000000 -0.126426 -0.996430 0.000000 -0.084418 -0.685371 0.685371 -0.246037 -0.707094 -0.707094 0.006102 -0.706965 -0.706965 -0.020024 0.000000 -0.999970 -0.007781 0.703336 -0.703336 0.103140 0.702640 -0.702640 0.112221 0.000000 -0.999710 0.024064 0.983883 0.000000 0.178815 0.986888 0.000000 0.161405 0.000000 0.909241 -0.416270 0.000000 0.935196 -0.354130 -0.990788 -0.135422 0.000000 -0.856888 0.515502 0.000000 -0.851706 0.524020 0.000000 -0.991614 -0.129237 0.000000 -0.642444 0.766332 0.000000 -0.637567 0.770395 0.000000 
						0.712222 0.701954 0.000000 0.896319 0.443410 0.000000 0.897560 0.440893 0.000000 0.719200 0.694803 0.000000 0.986014 -0.166662 0.000000 0.986181 -0.165672 0.000000 0.645959 -0.763372 0.000000 0.644664 -0.764466 0.000000 -0.045214 -0.998977 0.000000 -0.044572 -0.999006 0.000000 -0.701158 -0.713006 0.000000 -0.698437 -0.715672 0.000000 0.000000 -0.999357 -0.035842 0.702624 -0.702624 -0.112420 0.704507 -0.704507 -0.085669 0.000000 -0.998520 -0.054391 0.981589 0.000000 -0.191005 0.672925 0.672925 -0.307155 0.699177 0.699177 -0.149342 0.993597 0.000000 -0.112979 0.000000 0.930478 0.366347 -0.682343 0.682343 0.262326 -0.706853 0.706853 0.026810 0.000000 0.998222 0.059599 0.000000 0.918160 -0.396209 0.000000 0.987977 -0.154600 -0.679806 0.679806 -0.275187 -0.990905 0.000000 -0.134567 0.000000 0.920244 -0.391345 0.679537 0.679537 0.276513 0.000000 0.932642 0.360803 0.992313 0.000000 0.123754 0.706362 -0.706362 0.045884 0.000000 -0.999939 -0.011060 0.679307 0.679307 -0.277639 0.679279 0.679279 -0.277779 0.000000 0.934901 -0.354908 0.000000 0.917539 -0.397645 -0.704756 -0.704756 -0.081479 -0.976347 -0.216211 0.000000 -0.982281 -0.187413 0.000000 -0.867443 0.497537 0.000000 -0.886671 0.462402 0.000000 -0.653330 0.757073 0.000000 -0.671323 0.741165 0.000000 0.687876 0.725828 0.000000 0.687997 0.725714 0.000000 0.856583 0.516009 0.000000 0.854611 0.519268 0.000000 0.991842 -0.127470 0.000000 0.990202 -0.139639 0.000000 0.707073 -0.707141 0.000000 0.712830 -0.701337 0.000000 -0.007480 -0.999972 0.000000 -0.005451 -0.999985 0.000000 -0.667105 -0.744964 0.000000 -0.676127 -0.736785 0.000000 -0.992604 0.000000 -0.121400 -0.999722 0.000000 -0.023563 -0.707100 -0.707100 0.004245 -0.706964 -0.706964 -0.020114 -0.661098 0.661098 0.354824 -0.681867 0.681867 0.264794 -0.994177 0.000000 0.107759 
						-0.987932 0.000000 0.154889 -0.706336 -0.706336 0.046667 -0.706887 -0.706887 0.024946 0.000000 -0.999141 0.041429 0.000000 -0.999989 0.004686 0.704642 -0.704642 -0.083420 0.705400 -0.705399 -0.069449 0.989558 0.000000 -0.144135 0.991316 0.000000 -0.131500 0.000000 0.896654 0.442732 0.000000 0.928318 0.371788 -0.986786 -0.162028 0.000000 -0.987899 -0.155098 0.000000 -0.860932 0.508720 0.000000 -0.866152 0.499780 0.000000 -0.651310 0.758812 0.000000 -0.656053 0.754715 0.000000 0.691574 0.722306 0.000000 0.697642 0.716447 0.000000 0.881782 0.471656 0.000000 0.880572 0.473912 0.000000 0.990179 -0.139809 0.000000 0.989963 -0.141329 0.000000 0.668927 -0.743328 0.000000 0.670439 -0.741964 0.000000 -0.020965 -0.999780 0.000000 -0.021240 -0.999774 0.000000 -0.680155 -0.733068 0.000000 -0.682934 -0.730480 0.000000 0.000000 -0.999992 0.004003 0.000000 -0.999648 0.026515 0.705929 -0.705929 0.057705 0.704831 -0.704831 0.080173 0.987303 0.000000 0.158848 0.996406 0.000000 0.084705 0.702059 0.702059 0.119271 0.679170 0.679170 0.278310 0.000000 0.927261 -0.374415 0.000000 0.996365 -0.085183 -0.706077 0.706077 -0.053963 -0.679327 0.679327 -0.277543 0.000000 0.992498 0.122257 0.000000 0.928901 0.370327 
					</float_array>
					<technique_common>
						<accessor count="171" offset="0" source="#meshId1-tangents-array" stride="3">
							<param name="X" type="float" />
							<param name="Y" type="float" />
							<param name="Z" type="float" />
						</accessor>
					</technique_common>
				</source>
				<source id="meshId1-bitangents" name="meshId1-bitangents">
					<float_array id="meshId1-bitangents-array" count="513"> 
						-0.017521 0.000000 0.999846 0.109674 0.000000 0.993968 0.177554 -0.177554 0.967961 -0.012399 0.012399 0.999846 0.000000 -0.367487 0.930029 0.000000 0.017623 0.999845 0.000000 0.015416 0.999881 0.000000 0.387327 0.921943 0.215396 0.215396 0.952475 0.011692 0.011692 0.999863 0.154871 0.000000 0.987935 0.017700 0.000000 0.999843 0.054658 -0.054658 0.997008 0.012517 -0.012517 0.999843 0.000000 -0.018835 0.999823 0.000000 -0.017718 0.999843 0.218170 0.218170 -0.951212 0.000000 0.424355 -0.905496 0.000000 0.381518 -0.924361 0.216004 0.216004 -0.952200 0.037975 0.037975 0.998557 -0.012527 -0.012527 0.999843 0.186129 -0.982525 0.000000 -0.485480 -0.874248 0.000000 -0.517805 -0.855499 0.000000 0.160548 -0.987028 0.000000 -0.758418 -0.651769 0.000000 -0.773100 -0.634284 0.000000 -0.706936 0.707277 0.000000 -0.490107 0.871662 0.000000 -0.487014 0.873394 0.000000 -0.704659 0.709546 0.000000 0.165189 0.986262 0.000000 0.153188 0.988197 0.000000 0.724838 0.688919 0.000000 0.729145 0.684359 0.000000 0.999530 -0.030654 0.000000 0.999527 -0.030766 0.000000 0.718672 -0.695350 0.000000 0.727945 -0.685635 0.000000 0.096975 0.000000 0.995287 -0.006508 -0.006508 0.999958 -0.022654 -0.022654 0.999487 -0.004097 0.000000 0.999992 0.232704 -0.232704 -0.944297 0.126426 0.000000 -0.991976 0.084418 0.000000 -0.996430 0.173974 -0.173974 -0.969260 -0.004315 -0.004315 -0.999981 0.014159 0.014159 -0.999799 0.000000 0.007781 -0.999970 0.072931 -0.072931 -0.994667 0.079352 -0.079352 -0.993683 0.000000 -0.024064 -0.999710 0.178815 0.000000 -0.983883 0.161405 0.000000 -0.986888 -0.000000 -0.416270 -0.909241 -0.000000 -0.354130 -0.935196 0.135422 -0.990788 0.000000 -0.515502 -0.856888 0.000000 -0.524020 -0.851706 0.000000 0.129237 -0.991614 0.000000 -0.766332 -0.642444 0.000000 -0.770395 -0.637567 0.000000 
						-0.701954 0.712222 0.000000 -0.443410 0.896319 0.000000 -0.440893 0.897560 0.000000 -0.694803 0.719200 0.000000 0.166662 0.986014 0.000000 0.165672 0.986181 0.000000 0.763372 0.645959 0.000000 0.764466 0.644664 0.000000 0.998977 -0.045214 0.000000 0.999006 -0.044572 0.000000 0.713006 -0.701158 0.000000 0.715672 -0.698437 0.000000 0.000000 -0.035842 0.999357 0.079493 -0.079493 0.993661 0.060577 -0.060577 0.996324 0.000000 -0.054391 0.998520 0.191005 0.000000 0.981589 0.217191 0.217191 0.951659 0.105601 0.105601 0.988786 0.112979 0.000000 0.993597 0.000000 -0.366347 0.930478 0.185493 -0.185493 0.964979 0.018958 -0.018958 0.999641 0.000000 -0.059599 0.998222 0.000000 0.396209 0.918160 0.000000 0.154600 0.987977 -0.194586 0.194586 0.961391 -0.134567 0.000000 0.990905 0.000000 0.391345 0.920244 -0.195524 -0.195524 0.961010 0.000000 -0.360803 0.932642 -0.123754 0.000000 0.992313 -0.032445 0.032445 0.998947 0.000000 -0.011060 0.999939 -0.196320 -0.196320 -0.960685 -0.196420 -0.196420 -0.960645 -0.000000 -0.354908 -0.934901 -0.000000 -0.397645 -0.917539 -0.057614 -0.057614 0.996675 -0.216211 0.976347 0.000000 -0.187413 0.982281 0.000000 0.497537 0.867443 0.000000 0.462402 0.886671 0.000000 0.757073 0.653330 0.000000 0.741165 0.671323 0.000000 0.725828 -0.687876 0.000000 0.725714 -0.687997 0.000000 0.516009 -0.856583 0.000000 0.519268 -0.854611 0.000000 -0.127470 -0.991842 -0.000000 -0.139639 -0.990202 -0.000000 -0.707141 -0.707073 -0.000000 -0.701337 -0.712830 -0.000000 -0.999972 0.007480 0.000000 -0.999985 0.005451 0.000000 -0.744964 0.667105 0.000000 -0.736785 0.676127 0.000000 -0.121400 0.000000 0.992604 -0.023563 0.000000 0.999722 0.003002 0.003002 0.999991 -0.014223 -0.014223 0.999798 -0.250898 0.250898 -0.934933 -0.187237 0.187237 -0.964305 -0.107759 -0.000000 -0.994177 
						-0.154889 -0.000000 -0.987932 -0.032998 -0.032998 -0.998910 -0.017639 -0.017639 -0.999689 0.000000 -0.041429 -0.999141 0.000000 -0.004686 -0.999989 -0.058987 0.058987 -0.996514 -0.049108 0.049108 -0.997585 -0.144135 -0.000000 -0.989558 -0.131500 -0.000000 -0.991316 0.000000 0.442732 -0.896654 0.000000 0.371788 -0.928318 -0.162028 0.986786 0.000000 -0.155098 0.987899 0.000000 0.508720 0.860932 0.000000 0.499780 0.866152 0.000000 0.758812 0.651310 0.000000 0.754715 0.656053 0.000000 0.722306 -0.691574 0.000000 0.716447 -0.697642 0.000000 0.471656 -0.881782 0.000000 0.473912 -0.880572 0.000000 -0.139809 -0.990179 -0.000000 -0.141329 -0.989963 -0.000000 -0.743328 -0.668927 -0.000000 -0.741964 -0.670439 -0.000000 -0.999780 0.020965 0.000000 -0.999774 0.021240 0.000000 -0.733068 0.680155 0.000000 -0.730480 0.682934 0.000000 0.000000 0.004003 0.999992 0.000000 0.026515 0.999648 -0.040804 0.040804 0.998334 -0.056691 0.056691 0.996781 -0.158848 0.000000 0.987303 -0.084705 0.000000 0.996406 -0.084337 -0.084337 0.992862 -0.196795 -0.196795 0.960491 0.000000 0.374415 0.927261 0.000000 0.085183 0.996365 -0.038158 0.038158 0.998543 -0.196252 0.196252 0.960713 0.000000 -0.122257 0.992498 0.000000 -0.370327 0.928901 
					</float_array>
					<technique_common>
						<accessor count="171" offset="0" source="#meshId1-bitangents-array" stride="3">
							<param name="X" type="float" />
							<param name="Y" type="float" />
							<param name="Z" type="float" />
						</accessor>
					</technique_common>
				</source>
				<source id="meshId1-tex0" name="meshId1-tex0">
					<float_array id="meshId1-tex0-array" count="342"> 
						0.886556 0.313566 0.885325 0.569959 0.878506 0.570884 0.878282 0.313450 0.870908 0.573548 0.869995 0.313332 0.935189 0.314258 0.927778 0.574591 0.920184 0.571738 0.927890 0.314154 0.912916 0.570265 0.919605 0.314036 0.905901 0.569641 0.911339 0.313918 0.898947 0.569233 0.903078 0.313801 0.919401 0.574329 0.925442 0.577088 0.920781 0.590182 0.915468 0.587936 0.891877 0.569396 0.894819 0.313683 0.885605 0.572285 0.879151 0.573726 0.878506 0.570884 0.885325 0.569959 0.873169 0.576078 0.870908 0.573548 0.925442 0.577088 0.919401 0.574329 0.920184 0.571738 0.927778 0.574591 0.912423 0.573440 0.912916 0.570265 0.905711 0.572117 0.905901 0.569641 0.898911 0.572392 0.898947 0.569233 0.892115 0.572142 0.891877 0.569396 0.887674 0.586687 0.892895 0.586568 0.892272 0.623641 0.887883 0.623549 0.879151 0.573726 0.885605 0.572285 0.887594 0.585864 0.882350 0.586556 0.892115 0.572142 0.892851 0.585561 0.898911 0.572392 0.905711 0.572117 0.904335 0.586021 0.898667 0.585583 0.912423 0.573440 0.909949 0.586708 0.873169 0.576078 0.876837 0.588439 0.887674 0.586687 0.882574 0.587557 0.882350 0.586556 0.887594 0.585864 0.877598 0.589316 0.876837 0.588439 
						0.919939 0.590986 0.915181 0.588820 0.915468 0.587936 0.920781 0.590182 0.909750 0.587846 0.909949 0.586708 0.904248 0.586911 0.904335 0.586021 0.898625 0.586759 0.898667 0.585583 0.892895 0.586568 0.892851 0.585561 0.898625 0.586759 0.904248 0.586911 0.901127 0.624181 0.896694 0.623860 0.909750 0.587846 0.915181 0.588820 0.909974 0.625230 0.905549 0.624649 0.877598 0.589316 0.882574 0.587557 0.883514 0.623584 0.879151 0.623733 0.919939 0.590986 0.914886 0.625940 0.885792 0.056179 0.892586 0.057267 0.878281 0.053314 0.927508 0.056484 0.935189 0.053853 0.920187 0.057749 0.913141 0.058155 0.906176 0.058363 0.926800 0.053867 0.923266 0.040117 0.928665 0.038025 0.932929 0.051285 0.899112 0.058004 0.892924 0.054952 0.892586 0.057267 0.885792 0.056179 0.886509 0.053355 0.878281 0.053314 0.880606 0.050851 0.932929 0.051285 0.935189 0.053853 0.927508 0.056484 0.926800 0.053867 0.920187 0.057749 0.919787 0.054552 0.913141 0.058155 0.913025 0.055672 0.906176 0.058363 0.906229 0.055202 0.899112 0.058004 0.899424 0.055266 0.895335 0.040600 0.896618 0.003503 0.901034 0.003544 0.900573 0.040851 0.886509 0.053355 0.890005 0.040612 0.895235 0.041424 
						0.892924 0.054952 0.900504 0.041860 0.899424 0.055266 0.906229 0.055202 0.906341 0.041993 0.912041 0.041712 0.913025 0.055672 0.919787 0.054552 0.917693 0.041185 0.880606 0.050851 0.884592 0.038649 0.895335 0.040600 0.895235 0.041424 0.890005 0.040612 0.890246 0.039619 0.884592 0.038649 0.885362 0.037798 0.927845 0.037193 0.928665 0.038025 0.923266 0.040117 0.923006 0.039221 0.917693 0.041185 0.917527 0.040038 0.912041 0.041712 0.911979 0.040816 0.906341 0.041993 0.906331 0.040811 0.900504 0.041860 0.900573 0.040851 0.906331 0.040811 0.905486 0.003458 0.909951 0.003270 0.911979 0.040816 0.917527 0.040038 0.914409 0.002934 0.918872 0.002485 0.923006 0.039221 0.885362 0.037798 0.887341 0.003056 0.892223 0.003334 0.890246 0.039619 0.923828 0.001921 0.927845 0.037193 
					</float_array>
					<technique_common>
						<accessor count="171" offset="0" source="#meshId1-tex0-array" stride="2">
							<param name="S" type="float" />
							<param name="T" type="float" />
						</accessor>
					</technique_common>
				</source>
				<vertices id="meshId1-vertices">
					<input semantic="POSITION" source="#meshId1-positions" />
				</vertices>
				<polylist count="160" material="defaultMaterial">
					<input offset="0" semantic="VERTEX" source="#meshId1-vertices" />
					<input offset="0" semantic="NORMAL" source="#meshId1-normals" />
					<input offset="0" semantic="TANGENT" source="#meshId1-tangents" />
					<input offset="0" semantic="BINORMAL" source="#meshId1-bitangents" />
					<input offset="0" semantic="TEXCOORD" source="#meshId1-tex0" set="0" />
					<vcount>
						3 3 3 3 3 3 3 3 3 3 3 3 3 3 3 3 3 3 3 3 3 3 3 3 3 3 3 3 3 3 3 3 3 3 3 3 3 3 3 3 3 3 3 3 3 3 3 3 3 3 3 3 3 3 3 3 3 3 3 3 3 3 3 3 
						3 3 3 3 3 3 3 3 3 3 3 3 3 3 3 3 3 3 3 3 3 3 3 3 3 3 3 3 3 3 3 3 3 3 3 3 3 3 3 3 3 3 3 3 3 3 3 3 3 3 3 3 3 3 3 3 3 3 3 3 3 3 3 3 
						3 3 3 3 3 3 3 3 3 3 3 3 3 3 3 3 3 3 3 3 3 3 3 3 3 3 3 3 3 3 3 3 
					</vcount>
					<p>
						3 0 1 1 2 3 5 3 2 2 4 5 9 6 7 7 8 9 11 9 8 8 10 11 13 11 10 10 12 13 15 13 12 12 14 15 19 16 17 17 18 19 21 15 14 14 20 21 0 21 20 20 1 0 25 22 23 23 24 25 24 23 26 26 27 24 31 28 29 29 30 31 30 29 32 32 33 30 33 32 34 34 35 33 35 34 36 36 37 35 37 36 38 38 39 37 39 38 22 22 25 39 43 40 41 41 42 43 47 44 45 45 46 47 46 45 48 48 49 46 53 50 51 51 52 53 55 54 16 16 19 55 57 56 44 44 47 57 49 48 50 50 53 49 52 51 54 54 55 52 61 58 59 59 60 61 60 59 62 62 63 60 67 64 65 65 66 67 66 65 68 68 69 66 69 68 70 70 71 69 71 70 72 72 73 71 73 72 74 74 75 73 
						75 74 58 58 61 75 79 76 77 77 78 79 83 80 81 81 82 83 87 84 85 85 86 87 42 41 76 76 79 42 78 77 80 80 83 78 82 81 88 88 89 82 86 85 40 40 43 86 91 0 3 3 90 91 90 3 5 5 92 90 94 6 9 9 93 94 93 9 11 11 95 93 95 11 13 13 96 95 96 13 15 15 97 96 101 98 99 99 100 101 97 15 21 21 102 97 102 21 0 0 91 102 106 103 104 104 105 106 108 106 105 105 107 108 112 109 110 110 111 112 114 112 111 111 113 114 116 114 113 113 115 116 118 116 115 115 117 118 120 118 117 117 119 120 103 120 119 119 104 103 124 121 122 122 123 124 128 125 126 126 127 128 130 128 127 127 129 130 134 131 132 132 133 134 98 135 136 136 99 98 125 137 138 138 126 125 131 130 129 129 132 131 
						135 134 133 133 136 135 142 139 140 140 141 142 144 142 141 141 143 144 148 145 146 146 147 148 150 148 147 147 149 150 152 150 149 149 151 152 154 152 151 151 153 154 156 154 153 153 155 156 139 156 155 155 140 139 160 157 158 158 159 160 164 161 162 162 163 164 168 165 166 166 167 168 157 124 123 123 158 157 161 160 159 159 162 161 170 164 163 163 169 170 121 168 167 167 122 121 
					</p>
				</polylist>
			</mesh>
		</geometry>
		<geometry id="meshId2" name="meshId2_name" >
			<mesh>
				<source id="meshId2-positions" name="meshId2-positions">
					<float_array id="meshId2-positions-array" count="84"> 
						0.401424 0.508062 1.186520 0.368863 0.418029 1.186520 0.353475 0.418029 1.206052 0.386036 0.508062 1.206052 0.386036 0.508062 1.206052 0.353475 0.418029 1.206052 0.353475 0.418029 1.210539 0.386036 0.508062 1.210539 0.401424 0.508062 -1.186520 0.386036 0.508062 -1.206052 0.353475 0.418029 -1.206052 0.368863 0.418029 -1.186520 0.386036 0.508062 -1.206052 0.386036 0.508062 -1.210539 0.353475 0.418029 -1.210539 0.353475 0.418029 -1.206052 0.401424 0.508062 -0.395506 0.401424 0.508062 -1.186520 0.368863 0.418029 -1.186520 0.368863 0.418029 -0.395506 0.401424 0.508062 1.186520 0.401424 0.508062 0.395507 0.368863 0.418029 0.395507 0.368863 0.418029 1.186520 0.401424 0.508062 0.395507 0.401424 0.508062 -0.395506 0.368863 0.418029 -0.395506 0.368863 0.418029 0.395507 
					</float_array>
					<technique_common>
						<accessor count="28" offset="0" source="#meshId2-positions-array" stride="3">
							<param name="X" type="float" />
							<param name="Y" type="float" />
							<param name="Z" type="float" />
						</accessor>
					</technique_common>
				</source>
				<source id="meshId2-normals" name="meshId2-normals">
					<float_array id="meshId2-normals-array" count="84"> 
						-0.755598 0.273299 -0.595298 -0.755598 0.273299 -0.595298 -0.755598 0.273299 -0.595298 -0.755598 0.273299 -0.595298 -0.940391 0.340097 0.000000 -0.940391 0.340097 0.000000 -0.940391 0.340097 0.000000 -0.940391 0.340097 0.000000 -0.755598 0.273299 0.595298 -0.755598 0.273299 0.595298 -0.755598 0.273299 0.595298 -0.755598 0.273299 0.595298 -0.940391 0.340097 0.000000 -0.940391 0.340097 0.000000 -0.940391 0.340097 0.000000 -0.940391 0.340097 0.000000 -0.940391 0.340097 0.000000 -0.940391 0.340097 0.000000 -0.940391 0.340097 0.000000 -0.940391 0.340097 0.000000 -0.940391 0.340097 0.000000 -0.940391 0.340097 0.000000 -0.940391 0.340097 0.000000 -0.940391 0.340097 0.000000 -0.940391 0.340097 0.000000 -0.940391 0.340097 0.000000 -0.940391 0.340097 0.000000 -0.940391 0.340097 0.000000 
					</float_array>
					<technique_common>
						<accessor count="28" offset="0" source="#meshId2-normals-array" stride="3">
							<param name="X" type="float" />
							<param name="Y" type="float" />
							<param name="Z" type="float" />
						</accessor>
					</technique_common>
				</source>
				<source id="meshId2-tangents" name="meshId2-tangents">
					<float_array id="meshId2-tangents-array" count="84"> 
						0.336515 0.941664 0.005183 0.336515 0.941664 0.005183 0.336515 0.941664 0.005183 0.336515 0.941664 0.005183 0.340089 0.940371 0.006430 0.340090 0.940371 0.006430 0.340089 0.940371 0.006430 0.340090 0.940371 0.006430 -0.336539 -0.941656 0.005150 -0.336535 -0.941657 0.005155 -0.336516 -0.941663 0.005182 -0.336519 -0.941662 0.005178 -0.340089 -0.940371 0.006430 -0.340090 -0.940371 0.006430 -0.340089 -0.940371 0.006430 -0.340090 -0.940371 0.006430 -0.340089 -0.940371 0.006428 -0.340090 -0.940371 0.006390 -0.340090 -0.940371 0.006387 -0.340089 -0.940371 0.006425 0.340089 0.940371 0.006428 0.340089 0.940371 0.006428 0.340089 0.940371 0.006428 0.340089 0.940371 0.006428 0.000000 0.000000 1.000000 0.000000 0.000000 1.000000 0.000000 0.000000 1.000000 0.000000 0.000000 1.000000 
					</float_array>
					<technique_common>
						<accessor count="28" offset="0" source="#meshId2-tangents-array" stride="3">
							<param name="X" type="float" />
							<param name="Y" type="float" />
							<param name="Z" type="float" />
						</accessor>
					</technique_common>
				</source>
				<source id="meshId2-bitangents" name="meshId2-bitangents">
					<float_array id="meshId2-bitangents-array" count="84"> 
						0.561987 -0.196410 -0.803488 0.561987 -0.196410 -0.803488 0.561987 -0.196410 -0.803488 0.561987 -0.196410 -0.803488 0.002187 0.006047 -0.999979 0.002187 0.006047 -0.999979 0.002187 0.006047 -0.999979 0.002187 0.006047 -0.999979 0.561973 -0.196449 0.803488 0.561975 -0.196444 0.803488 0.561987 -0.196411 0.803488 0.561985 -0.196417 0.803488 0.002187 0.006047 0.999979 0.002187 0.006047 0.999979 0.002187 0.006047 0.999979 0.002187 0.006047 0.999979 0.002186 0.006045 0.999979 0.002173 0.006009 0.999980 0.002172 0.006006 0.999980 0.002185 0.006042 0.999979 0.002186 0.006045 -0.999979 0.002186 0.006045 -0.999979 0.002186 0.006045 -0.999979 0.002186 0.006045 -0.999979 0.340097 0.940391 0.000000 0.340097 0.940391 0.000000 0.340097 0.940391 0.000000 0.340097 0.940391 0.000000 
					</float_array>
					<technique_common>
						<accessor count="28" offset="0" source="#meshId2-bitangents-array" stride="3">
							<param name="X" type="float" />
							<param name="Y" type="float" />
							<param name="Z" type="float" />
						</accessor>
					</technique_common>
				</source>
				<source id="meshId2-tex0" name="meshId2-tex0">
					<float_array id="meshId2-tex0-array" count="56"> 
						0.964228 0.009209 0.939960 0.009053 0.938673 0.002883 0.962941 0.003039 0.962941 0.003039 0.938673 0.002883 0.938680 0.001746 0.962948 0.001902 0.967693 0.009209 0.968980 0.003039 0.993248 0.002883 0.991961 0.009054 0.968980 0.003039 0.968972 0.001902 0.993240 0.001746 0.993248 0.002883 0.968980 0.209712 0.967693 0.009209 0.991961 0.009054 0.993248 0.209556 0.964228 0.009209 0.962941 0.209712 0.938673 0.209556 0.939960 0.009053 0.567703 0.026002 0.367196 0.026002 0.367196 0.001734 0.567703 0.001734 
					</float_array>
					<technique_common>
						<accessor count="28" offset="0" source="#meshId2-tex0-array" stride="2">
							<param name="S" type="float" />
							<param name="T" type="float" />
						</accessor>
					</technique_common>
				</source>
				<vertices id="meshId2-vertices">
					<input semantic="POSITION" source="#meshId2-positions" />
				</vertices>
				<polylist count="14" material="defaultMaterial">
					<input offset="0" semantic="VERTEX" source="#meshId2-vertices" />
					<input offset="0" semantic="NORMAL" source="#meshId2-normals" />
					<input offset="0" semantic="TANGENT" source="#meshId2-tangents" />
					<input offset="0" semantic="BINORMAL" source="#meshId2-bitangents" />
					<input offset="0" semantic="TEXCOORD" source="#meshId2-tex0" set="0" />
					<vcount>
						3 3 3 3 3 3 3 3 3 3 3 3 3 3 
					</vcount>
					<p>
						3 0 1 1 2 3 7 4 5 5 6 7 11 8 9 9 10 11 15 12 13 13 14 15 19 16 17 17 18 19 23 20 21 21 22 23 27 24 25 25 26 27 
					</p>
				</polylist>
			</mesh>
		</geometry>
	</library_geometries>
	<library_visual_scenes>
		<visual_scene id="table2.obj" name="table2.obj">
			<node id="table_holi" name="table_holi">
				<matrix>1.000000 0.000000 0.000000 0.000000 0.000000 1.000000 0.000000 0.000000 0.000000 0.000000 1.000000 0.000000 0.000000 0.000000 0.000000 1.000000</matrix>
				<instance_geometry url="#meshId0">
					<bind_material>
						<technique_common>
							<instance_material symbol="defaultMaterial" target="#table_holi" />
						</technique_common>
					</bind_material>
				</instance_geometry>
			</node>
			<node id="shaft" name="shaft">
				<matrix>1.000000 0.000000 0.000000 0.000000 0.000000 1.000000 0.000000 0.000000 0.000000 0.000000 1.000000 0.000000 0.000000 0.000000 0.000000 1.000000</matrix>
				<instance_geometry url="#meshId1">
					<bind_material>
						<technique_common>
							<instance_material symbol="defaultMaterial" target="#table_holi" />
						</technique_common>
					</bind_material>
				</instance_geometry>
			</node>
			<node id="Glass" name="Glass">
				<matrix>1.000000 0.000000 0.000000 0.000000 0.000000 1.000000 0.000000 0.000000 0.000000 0.000000 1.000000 0.000000 0.000000 0.000000 0.000000 1.000000</matrix>
				<instance_geometry url="#meshId2">
					<bind_material>
						<technique_common>
							<instance_material symbol="defaultMaterial" target="#table_holi" />
						</technique_common>
					</bind_material>
				</instance_geometry>
			</node>
		</visual_scene>
	</library_visual_scenes>
	<scene>
		<instance_visual_scene url="#table2.obj" />
	</scene>
</COLLADA>
